,id,accountId,puuid,name,profileIconId,revisionDate,summonerLevel
0,gGidwUWS05fEVU82Sbl9hETdsx78Fmo2W4-Fjg-5r3Dnnd0Sc8nNGFYQBw,Co0XFCTibDfVeyYGUQwlomdxDoiA68o7JIEl9_Pp5abiaTvkcWzKM8hd,-rNnab55w3q1MtgYevs5YnuOOAyzP4Khr-1RSIaVntpMbz7_usSZI-bmK9zMgNgywrtP1eA6h8A2rw,PWVlaozhoudl,907,1681519897000,52
1,fIlJex7TsSRZPUm_G2lHIPtZf38u_DRRriuczX7uWdlHCK83Jq9fUTrymA,ZJ0Ric_V6DAsEdVZa29-CdEBNiixKIX7WU-Re3PVKp84s2-R9pVBUhuv,lvPNc_P63lTQSD6hPwMuSuleTLy-7lfoNZ2G3XgMLA7RUu6pUtebp2UA5gXdCcjpTFoABKbMr_1vRQ,EMENES,29,1681719395023,69
2,ZWgymnG6DDo8kcgl7g81Q9EC__wjNE9cqNSVXIPZnuPkNMs,P6i7UeWPapZ-0Yh7I8UgCBrJhWwYYNUoVlX0b_sIPEghGA,fq_Fv6oZrdLfnJk1wGw2ommI7e6DlGT-fFDFghuKvU12_T0xNk9PmrQl0B28u_6IZ4edszjK7u79Zw,Chaeha,4659,1681721220606,626
3,iOPwfjsiHYH4BYnhjKvf1ebYMYN8qp2U9yHG5xodkvJY6gI,gZYi0zb-hSCZVAk04SpL9R2Qn704bsQcB2ut-4HOaNUVPBM,TiHl18mcAeMy6uwf0u1lGyw_Hnf5oG5epw8uyoTrRDnpgsD3CposQw4wmioci5Vdq22hK32PCceraA,Josedeodo,3592,1681349321000,455
4,wfSoCP5bszN4jsVuKmMSwFb9ioVU1vW65kozk07wksGVJdg,Ac8_8boUdljvv0x51S4a4hTyYrk9PziWQtEaaqia9WXGCpU,oaOKVDWjukwL8k74uVIydAxR6jXFW_Hp1e8TC-Mh06JOy07KPhgBdpRz_O9IYQalJVwtAtq-gTqpjw,Trickyyy,5022,1681702609485,517
5,cFUM1nhGn8bwZrK5rpGWUvgeMpHiTdwuVA7uBhZcfHl32C0x,F-9VJ5thVOEG67JQfB5fwD0bw-Gg5yRNS_ZjqHuXAwhTiNcou6karsdw,6xJXP9GOuDRRA4lXFYlA0zIVHag9LyroLn-MWdaBzIEr3b299OT_g_fjJT7v-oM2sWYJ05nbZ_ruhQ,Kenvi2,5734,1681613555000,282
6,2W5iiu5rBvaOaID1xAJy4w1b3d9M3EwHXkSHA-ZmTEPAUJQ,LI-EFGwf8XvOoFOtukXCcqxr3Hx4q4hSDkmZVzpVN2IDoA,zjuX5T9LhQcwXavnPTP21AEHpPBvLL09F8zIcVfrn1OWfeQIFaK-y16GTcSbtsh4RGeG_dlHeW9yGA,Blacc Massu,977,1681696496412,838
7,LVHV2G_8fIoOlizrm1mATvDJlFwYfT0wkfVJKJQCqTCLUg4,F8GZiUVUCywBvP-w_l04lbUM03Two5fczTfJmZu1TdQWOA,dVA2JUzMZi6gZNN8SLFl9QAKNOpVQ5oghRZsLXUZNvpIsS21mClCVLlqoX07kNDdZR28xNxtvpHoeA,jimmykoi,3151,1681711965581,527
8,TqCzMx3ebII5WsbJYqDsU264mmMWkdmjiB_hXv02V4B-bicz,PE805Ugkyl3lr9cOmHhb5jh3Q0oL1osoNZWPWfTvVyCwvc0wqhoSIFjh,s7R3KNNZwSJiXVDG5vjftUwATZwJQJbAP2fnQK_9YMwAnbUHxCFQdDbCzs5gFqhmGVHPcYQUY_dLPQ,Miky boy,7,1681614994000,144
9,kW8u0dop8tFFSjZON8SVBIMdzRHWwtHLEuQSn0-O4eW5nbk,0QzSpn0gI9GvWBqCjXR5CQbecNC-lpzULW0wFfpDkV9px7A,mlmcW2ntJX5z8f_FEJGDeElNjUvYVscBDdQPmi0kAZwKaTC9qSWM6GsUgMH-l7VTG2gmFhKzgmsafQ,amphy,5490,1681715771325,772
10,0OyuqD-CcMLa4aYc-WkNgx5zy4bJhTskd1_I77WCWnAO6eQ,6mD41P0WUCV-2NuUkC9F6YPC_TZ8YQ5lBxCHAAH434NkZA,SiRW7kNZWrFQ-Wt7agfu-7JqaNzxLZ4BV64Ymo9NVQbE164-oMjpp6qCe2UXR5ud_GOeLIFu_ETpPA,xianbaowei,11,1681701330757,436
11,9GLBqOgT-DMNQpIWXaoF3P3lutXVVq31XkG7jeEmZMQQjxU,_KZuM2K15PxQmpHI_HqOcFWA76VNGWB9XgnTe8FOGm78qQ,K--KUNWrqt0D25S-txfdG5z9Mo_9cMFzEN0a6tHFU81caCzI4D0ls8b8U17Qsmq9YefsbmlRLNiNog,WayneDwops,4568,1681589758000,423
12,lewCE0KfzqTKPnjHwjP2_lzKLFcgYcLlgdnQaGpBF1TB4Ezll8h2NjkKKg,trtQzzz3u4rzHlf99IKXVQt4hrSDHH4JnaII7INrHOxuUUwgvAmdu21y,2yMhlVpvmY1LqsH7jZli_n2TaBvK_xYPpFFl_Wc2i1Y_xzymePrhmYfus6Ks2xfct0fhjRH-9GkK0g,Joseph Goldberg,907,1681612987000,92
13,kOhY0NyR7mtP7zk_qdXTZyiOL6dRrEyEiFhcP0tcrg-NWgQ,Ij4vKuV5M2jkKyRlDugZ4-gxyVekhXggGl0ZAaUTm9TH1w,fb-SmDpJ3p313_e9TPkT3ZD_KHT47obFE6besY4kpvGwot3nEJBobEG5RaL2meFUteoSus6QP3pIfA,hom1e,5490,1681623411000,373
14,c_4wozVENyXKgqonhnhdbZqbdI4Ey1_J0lWamKY3hUOEAQY,DWk_1nJHCC4assTEK4tKnlthWtXwp2giB5dtZn6DeGeq1xY,KqGF8WU2Ly8huinBfW0Ho2mPjFrPmgC1ep2225G_7j3-PcNNtmTn17v_kJ_jWZubaZlAb4MgBeqZmw,HEAL IT UP,4022,1681730217257,1132
15,xyz4thMf418oHbWf-dcDVx7Q2i2SpIkiwo3zkwU0QTRzlFA,hhUnFwLiglMJmfdmeT-qQEh1X6J81J4xDFLpLloQ95hk5MM,d1xA8CdFA7jLYIuFp0Dwi9xNlhoo3pfzcOeYydlquBXtrHuU_Z7ox92TFeScAHgkGzQCgrp7EH0f-g,ARMAO,1325,1681724408994,124
16,4ftGaN4dlV3NR-3Y3KCDS8j4W9NgYgdfbUtvx9A1a8ERVz0,l2ZrLdotoB74juDdFKR6GI0NxV9MaK4DWHhRFiRCPmT1a8k,tI0cmg8gyuZhPtLAMwSseaj7QWL4vzaFyZ_cOlmvLWSfBvNCyTfNw7rXeKVoBalXdeSJrbHM0107qQ,kisno,4450,1681720619240,429
17,377SPe4xsNqOBHUfsTvmAsZfhR2tUk-JLU1s4HnwZ97gnRWS,B_2nM5QQOr2nBCeHpodYAchuy_M-8JR5RYv7RaCGBA_NX7B1nVDa1_x0,ukpjdlM38q5LT0QNugmN7PRse-llVXc-LJayuKNaAEdFVW61fQnAS76loAwTNRxiUAv_osTxDLXZcA,Not Hans,4763,1681707121764,448
18,4JKltdk4JyZbNbRihXuJXfGPzbTJXKkpYkqKHyCUBTTuJao,hadCaUDeWiTPV_NUB7pGPf3CO3RbODd27Fi-5vYumApZtVI,h3TdDIuM5uKoQ_sHluRwuSZr2gssPgmLNGemR6bTtBIiztHfry7PheH25HV4oa5qngtrZWaB0uCz-A,Li Hai Xiao Zi,5752,1681626460000,223
19,qA2ku6-BOl0llhJRHP67akIo9qvektSONXffbTAHUqzaauQ,FE7yrp9R_8ypKZtQaMw-YS3E_3vWHcTr4cu_ByJM9uOQ6g,B_mKey3lRp0RTVv56raVFy77mJRp7U_GRc_4Te23vRcnbPlgYv0D9i9aaQWFXqYyvLm4aQa5OAxsdQ,KeeI,503,1681723349581,712
20,jgYV_ptjk66EA9P7eVR_E_H54PKvNbjm0lfe1gRPRH3XVKw,PVkQ-hxVJVRkJmV2YqDpYVThbMhsI3aGSfkaOZxUvg8x_Pk,Jyjus9sAuzptJO2Hbmv7-avkhzN19n8UxVQymtSak1J6Wl05A0H5MzejIhHFIa5jCVN7SBn1A4xTlw,ysssy,5752,1681708545000,473
21,FXpoIr2hZKkOsTaLjBawpcYV3sdy7bMOOSXklX3A0UYa4ZV9KrXoumQZig,urZbcQv188LBTFHj27zR8ahU3JXj8taaL7yL_0lB3BFaJJxBATzLwkx3,_IwzBKoS_ILLsI-gYSGNeIOuzMWk7vKmdLIl6X1R9mKAT7EW1iQJEyLwgNZj9LygLPt60uZcG9c_Hg,Pentaless,5585,1681700720892,236
22,A_U82hJbmZtdOEW4sRTE1NjYQlz9su3kgcghEuDPqW5otnjHQtvI9QImwA,Qz-TF-Z2w5XJJZOpJZZhrIrT095hf3DfHV5CNiev0p2P7YTvB1rRrNa9,a_T23SGyaj3ICs_tzoaCOKFP0vKYhXd8IYAYhl_XWpzbNUdmUPjHvH-X4M3h45P2jbp7HNGIHgVnTg,IIrrooGG,5692,1680826954000,46
23,FV-xSzOYnyXeGWw-xR-CUdTuCZ-DeFhI9TyhmhMh_CwIAXbaYiP9rHT49A,L-gT_V0faJp1hba_2T3bW7wfZeiHfKkDCJe0iqOYshQd0Hl7JiXZnUVt,OEHiHYvDpFoG9NZTJPcm8RhKsk8OiZsEF1rQlsAkP4MX7uW0vn1cA5z1YO9sWYLv6UIO59aYekKduw,STEVESTEVE10,1437,1681515555000,201
24,d71H6sdAYgNaOotAER9LEueD4X1KMYIO39miFpmFhCTmwP8,jOdqrxX7o7BC1Vj8kRLjxW2kOtey6ttMvWOXWa6-pSlO9G8,HtfYpoHmmE5pBnbdY9LTnp-7OtPPVCMSTJu2aLR2alOVraG8x50sUAZ0Y2qlTIom--wtb7gXd24n_A,ASTROBOY99,1337,1681704998579,321
25,O58yekLYfOuh-owS1ltG_LRLjACUnCD4_w2kAcFc6dr85i8,2SeeSuTaO3DwzVF7L6B794DBKwOJu2xDtWGCh28EzeWATQ,bvnuQB-7Gy_ae3GQhJ4H_gLO82A5YIo9z8lneJtXp0D4FsvRqNUoQzSiz5ENlDX4EKmE3ODJTOhbXw,warcyclone,745,1681727472729,783
26,kUkryVK5HmioXh594OWrLiqAjOxAmXOPU478MQHf40WshkI,zJIOSKo0CWvfJHqDL_rrhxNlR7CWm2ItJuJJm2bqmqUgSro,a0othP_UeuCXQ0zzLtAYkP-xm_keBlnsSE5PLb9JrwWDFkvcz41sfNLCkOrehZhQF21KRzG8EBuUYg,r1m,17,1681720619240,376
27,y6NstCLLSpEKD7PaJPOXvID5KVl1FHutbYA1dVIVyehsXbIkWEzoMvm78w,YXTBz_6lFjNTiKwzWhhcCHiJEDkHPJQHp996phlV-ZikL0VVn4dV4a6d,uPkPsnCoOpL2wT6yk05fbuNA3rYn84qN2ajCkCNDDhmx9hpviFaVgwejlyr9-yU9_ZxA1Ude2kE29g,Eyla,5414,1681013115000,169
28,GZdPA5NLq8dAJCt5h4I1hSeGyD7r_0QL2tc-fsjkVxjonWRyJOMnjiBLeA,xtEaD1X_fd_M4Xow_PXAHs4BYUr_rIHFJEFoI2FMRxidala0Og03amMZ,D2RHXuAn_wz_ObyVX0QOAETyBWvHNUM0YRP5wt0h94vYUBGxVUBR_b6z4H8tVam4ypI7_vF7Eg0AEA,maces,5499,1681700020964,136
29,hZeIR0UjVnowSCmYFs4inQbmgnLcij4tGkDZVhI8fxDY2EE,Gz_gBWZfM8KfrPnM8dtrmxcrEBLTqkKWhbNEYtQPZeIzX9o,FYZAfzNHOvHRSuRlhDojhQrte105BOnUEPPnpWhYeTdBnStrdhgt1Xr0zWBknPSTV_o0Qk5a2IH59Q,Jauny12,7,1681620628000,518
30,n_2OREURnRp1V_bgGASlV8t5S5bsxjUuFwqE6p8lT4LZQK0,xLsDcJITOwYAWXNO8OJhH-iprN2TXetrFeH2lVDCXNR7p3U,rdlpWE8E4Lzs2dEz3JP9CdcvvAvbMkZdIwvAI6mQtwjGS_B9pfct8GQHBf21TYt7T4T-UX_JDBtWZg,lunacia,3840,1681723059975,850
31,19LJJmTWyBiEV-cxGti3OjrccoTHFQn1Zt1tpwWh-QsxHuM,H27LV4PznoJWkyp3oRuwXJag_y67Yaemkz8nomjYlUW33bA,37xg_gASUqNF3K6yr8km1peSkDJ877-m_ZsqOPbOOeO5ePosjcL6yzUWom7Ok1XaZq3synij5wiiTw,tortwig,23,1681594320000,226
32,jlJnQ-2FAWNh-agxAvwxgBHkcWNRK6RFUa14nqHia1xZN4TW0rRf4DTUQw,CwH4eTVePHAAPUHPGZEGZ6_oqfElEpKX_2-560FMfj5DkH8QFbnTFsAU,TM4MMyybM2Fza9EJoW3YYkuKty1o81HiwhcwBIRsFh9B9AxX8ePyDx6kTqMqUJ-BmLmWO1PE_HJNJw,rainº,29,1681688570000,110
33,S5EYwsuWDCxfGz-L6FY7Yxtp90P4X9Js2sL_t13Jsx_4fkgQaqn0kl5ofw,MgdxjPL-pEaMm89fb8Rh4OvZPqxtvvHa_aExI0cPblnbdU1YIL2eegYu,NwpWz9HKPzYNXRe0xNQDFO4tD7SlKr6AgQDZuXiGiox55H9POJJ8Xjo7aBWyZyJlpT5NVJp3AaCC7g,wellwode,14,1680931194000,119
34,5OupFALHd6ZTB3M1meKR_wCa-wxXinPVIZ5lcpZgL1x5Nio,HcSCNG8LP_tGIZ5AK55sIjMmmRp_HrR3zVazOv05x3zjM7UH705JHiKk,qjmrXxalDOMXfhlIgi9nAdGKJI7xEUWif8dZFcJXFJjkXntOHlL2_q4I_yg4Lpbr1PDoWzkSD5nNNQ,ZED04,7,1681695380000,331
35,UrkR4829BCwkdLoU_z4YL65ParuHgxGB6hirlBMlc_hDC6HrD_odrIqByA,owLkNE8B9N0m_wgC1Q9EPDrDf1F_UYhwbMNUrI7uKxOAVUcizxdmIncg,MuIe3cE3kdYOkW-rUEPwPsKQXBEj-TnYLrBU66vzKh4fBe9WVZUZQIW6k2LDw_Tvj-q_GUY8HW3LXw,Rocks Jgl Acc,2072,1681454494000,46
36,f6jyWsUCbpSFvcX9EQh_86DjRv3JyTFf_0fErTMeYjIxcAY,fUngg2btPOubksEh1e4BGgguuMLZYJfqS80ElWQldwFU0zk,VPNjY7bV2apioLHg7vLRvmYUmsDbsMBr3Sc3ZpXX854VlyZ_yXt7tJ5U3P45ycxRSpof37isizyqCQ,Sandflame,591,1681709847049,674
37,oR89TvJF182Iet25PlAn01XX-wEfvdOrmZhmnmVkajkJQA-S6ObvQElpSA,golAyPVnz36rmbfpN60Yp2l9ULZ1k3lUFp76Xff8LGAgRLswEidiOYoc,BVEHMQ2gL2DYik0TXzQ_px8MCPlO2PAtYR4li3SZvUXRWErj8ZfNaUvsScsYaUTS3aMInhx1qrf31A,bigboichoi69,5650,1681702538153,193
38,c1mXy2EzKSiTZrZ4dx93kKvPJ9765GcjDKZGkIo5TyGpxopz,JSDSApHttFpFBzw657cP7OX7LfCFAA5Jiv9U_Z1yLzNPtnhZaMk4TbEt,aQjXVl6ELfphBrEtxPfD7sv0pltj5wOxblMoqFB5EBYg-Kov6Qc6y6X44u49bo1ANUURKm8Q-3NY8Q,Wx FORA999,4650,1681713713570,518
39,uuchrpnPUOzm2gBhsQsgSNuWsaqnZHYJGNNx_VorzgrQrzQR,F5nDueCb4NNnC7hKjOKyeZDNQTno08gC2iqi4BbmICBpDyAoLXtdJSbD,eTnnqpmYK2E3cFsbLHS00osoJwBU9UHkj4e8q4BpevY4wwXS6cd49NJb-TOu_0hPeHYBy_uf39GnPQ,for maiii,4650,1681714434636,562
40,x1X3Jpdkg14ROrwK11WxQf9mKvdAF5DgI_rKnL-XkiKBntc,wSy3wpNImd3NEyQDggufBLtl6roSN6dFIB3V4hw43Om64aE,xTdyANb3QME2m_TkRy7iPWPPvDfofCQvGWfmDxbQdiGJnJFRs1mz0TWsXbVIumtrG9o1UjHNsU8v_A,Emperor of Light,5736,1681053658000,189
41,lIXHLMVAJAl1K1iLxTv09DJBVd-h8sAUtJ9gVY0Iyd7j-Tw,vl-YSKzIytY1Z52nyNhX_8gfFIoNP_bvJXlKtXH3qkbB-ck,r5soaGoC9wTQK_txHrZ_O89Z9HzaexLL3UAjo-XVNEyx3wWA9sRfdHBqZyqnMu59u7scXne2D2sKvw,IS THAT FEEDABOI,3501,1681427553000,299
42,skDUPUWWYEVxHVWS8vfxkbvL8h9UsPeXkFdQDc9G3j41tA0,T1Xh4KyOzIIQ6VrYIJucZGiN3yz-C_9EjK0kGlRQLfSBk-E,CaDtNN6ltGEwhQinUrbuz2NBkqAYJnYpiYXnR43zgDqyCzleQ3NZuopBodcxFYRmPH_vEGzqSIZzOg,Matcha Tamago,5737,1681709811742,673
43,h49BYHu1H5c5yK_8nlpEJQrsgx9hmEeTIyVKIy_UQC9slKg,OX5GlF4BENa6oS7hgj2GXxQJYvgc_MflU6GYlR1TNmCSEhg,DuXcN2BeE4EKRL8G6BiMEvJJu45ra__MYDTOMiCwHRkjyNOG4A-kzYy1oz1AptrMqrRuZI2DaTdBYg,Gmandlife,3625,1681701747208,732
44,VYxtR8ViDJowbtllFT1mBTtW92GeGKMhxcwt8i0SZXkczwg,Rqhn_wZnI8gbvjge-sUzRXHtzMo7Gprl7GYO5yLA44IULw,XVe7-48bTDgmPeGtzRIVl1Pnhi3KqJmKhQpbT2_fmq_-Jy2BnbB5be-yg-otCYjIwvTTc4xdmPESgg,Julien,1415,1681666070930,372
45,m_itJHOCCXskXxL81I7AXItqHWGw6Hb55vS9ZwrOLEXpC8xBxQ4Ppv7nwg,iqx8VHOc6ZSMGi5kcHWJGbkaPY0ZwiokvOs9piq03byJ3snUZKogGNqf,MRGykstkaWg90wjgN0cGNdJwatiW9-DEpSrBKMbgkxpLp8w7XoFJX8ysPwU73loaQXnY-otct6wFOg,Pigeon Enjoyer,5416,1681681152271,92
46,YsOwF3EAkuNsLyZPz1_9ryEqoAa6jMAf7cMuw7iY0m-T7DdD,5LHkI7kwdZpzzvcFU6Um0sDC5iJ0MnX63ag8JyAi6hJKzSXIemH84lC-,m6HtMKBcb8asFnGA1xFhvHn_BQtHS3gfKHd_A6hAIzm_D_S8y2-5kvE1IY8RbqzYaSx3tMh3Oay0fg,TL Honda Rovex,5641,1681703735139,204
47,wExf6cnsRMDI4IMu4cu-yGnNe_LIipPSwbvwmZUvBCRQqTRvfpk8Iww1RA,26cwIDpW0F2NTw0y1Rsv3obAvDHSgjrE76kdLmEH1uGSLYGtLQEnWmdD,Qht8CV-kz0IpRsetrQyBmuwdgiqqwGJ6dBRbCJLUtO9W-35qvjfk7bJcf4trbKtOUMY9bRommZHIDw,Get Pongered,1426,1681708403249,49
48,c0Hgi_N5lOpQBRcpURlnZCa389cCLh5K7UTwBtCCukxLfiQ,Fhhqm13eCudiaWu9XlZDyDSO8qcn5_ABTawgaeKtHQQGEKE,49fe8byfGQODuEjf09U34UGGdiiqLP6NCq6tVTzTIQmREL4IdhH723SiW8xhDMuqsX6vJbtxeto0GQ,sopjsafjp,22,1681544554000,270
49,KFRxI1VMhhydQhsZJL3-RXPtEl5sL_LdPY9go5-E51R-42M,EEVp5_DRd1xgwG4xGlhV2oVj6gN4xUOkP1Di173eVr2ihuw,ATScmwQIWnjj5lClsWv1-fEg0IccWl-1jM2PIKe9vMdEGb_XIuDnhXeW7p1MPMpOYl8OF4S0Hddwag,thiccsai,5076,1681695979052,329
50,6Srko9_hHWXeiuTfCOKn5pUI7lkXzfLZY87zDx_4cyHuVR0,4MPP3xpfdYKdXMJSLIkWzUdM-XlBE4wB4UeiaP0G-NUGIg,eDO8tyjz-jKv_6RKEC1GxiLakEWI7w5w7aVFC0UKMTUfYcENP1XTsMXlG7mrxj1QKG2hWwgxdk9ERg,Dragoon,5634,1681633847000,324
51,_qTAuP-YP5Dg84In9Q1l5TVTGuBH7T41RHx4N7DoN6qfHCM,kaClbe2LIaScEB7u2UhfXc1TaqV27s_VY54cx1JLoAn4DTU,ahAxblaPxVuSn3-BPPJ751xSeQcNZJFaYNaey0A-8IF3-JsX8Gv1mZKdj7CHA21O4FOHwXiMlwDpzQ,Khalood Habibi,539,1681707902744,685
52,0sQoBn_RZPWmClqGG-jPkVfhAmoFoYWpnNvGJwptRWRzPCPn,1Z9DmTLsq7X3ERQT1vJmc16yALMoCBtpAKSEIgofXCyX5_ij2kR43bIN,7IeFWvuVb7dwIl4VXq9afL11v_IyxmdSLeM-Lac8ilf6eaXM-yMgVBKeNk_t9dT7_TLnsY5uQkAILQ,Asyc,3464,1681696496412,943
53,9I7wvIkBX7fNah3lU7v10-So3MDlc_M-wQ3ct0BSz5uqJqrSmg5FrhuPiA,404hEQ961lFBUGPZJMvzlKr77M4oV9kGUTy5r41WZfQ9yuB7sfn0eCPL,61k5NlLwTL0OJn63ymtWkuR9bzfvfIO1k-IRvEFNny1N_8JjBEEZyoBbAbX9BJGWeduOHEM5FHEReQ,jot gat ne,18,1681004029000,66
54,Ghl5q1JnGaRZ-DC2YqqJLdznT12p0fsFgtsxNerlf1-egZE,SuqTtcZdyYNnp_xVZAKu_byyfTpInQ5HIsUQ7ZM4QAj0Btc,tzdVe-1bI71Isk8HKSmSvMdqWWRBtfTqDq3idHOvxx_ojTIja0-RiI9p8-fQiglK2abfF96OQ208VA,Eclipse,4036,1681710832204,650
55,oAtVoCPiK5YRPL9D0vUTKIZr-ur8Bp0rXUe5iC5MrcPyisEUAwgdrDC27Q,cHH2ZrVJs3krGDuVojX5ED1oR0cpqjhzh3nodqd7pPHU-C2nufsuiCV0,A4n3I2NERESjFv2vv-84DJOXJNu57jFeH-037GV9ldt7foK39etr9f7y64FDBCkWSRWstjx-HC1ctw,insung,5170,1681691928034,95
56,CbS6lsHQ0yggwFkMiuB-OL08QjMyuAdQebt1h69KQnBaooQLgTqx3DcibQ,vBKeFSRgXUgyz_XQyNEnKsVO1MiTD7askrcrZd_cCgKmeSjRmNWqNhKB,FAIf8GIO8marXTk-FT_h9CzoM3SmvoINHWRaUMGF_c0Kvi9DN_-2E3cVo-3KBDSw7EtVckwf2wWUNA,Isles LFT 2,3008,1681669002000,130
57,hNN2omgo6gvnGgJJNtL43NBz-11Q18S5dYVbgE2DtOvCUrA,FgclxDQoFlnP1E0mTx8-0oM5aSwK_VRZoZXWmIXdaBCGPwM,ynXrqS1qg8Ba6Vn9Vy02BtNg8Hy5dArCc7TGvbTSp51OUseaXOLFQ30qkoVgANWU0Iu0Sd8osSmuyA,EmbraceLife,3521,1681719278448,307
58,gQKRFoJQ2H-vXfSnDnPrm2JgkX5g65TJNhRamsYJ334B21o,41yWFAvDnzMdVvQwQESqFFKkGaR497DG2RsWt9MMix98jg,bEMtACfh_1ST6JcVL0HkUM4JYHnO6wCLMC6OWj5oAglcJjmDPoEYOFReF4hRneZl2oeMZiOEvYU3Ug,gg wtf,5626,1681646289000,394
59,5kpldYsOWejcw8RThlAzcJfKSlOgdzFBj_hVJ4ym5pPNBjXmfAVKiAfA0w,L9l_ht_Qy4lIqtPVXENSm4MbW93lXl2P_oSzEqdKt-Q_vZS3OCBuJCrQ,9Xy5MANNDuo8yN2mwuz4i0JWz0STtYzbEpu7U16k82899yCUz3RIZ82LeZN8vvDR33LqJ77eeMjP2Q,bellacu,5675,1681557470000,52
60,-3_qAem68BUH8DeMc_uvnFwX7Rn9Vy-xIakJZDGzZGk8CoU,zHPW8T5hJZKlJe8YFkWHB3toU9hWbbvEf4DqvmcK5EofEkc,iafqxMiwoLVNRT49sz6hhXJsVWNrdCp2CGxSEwx7z-U-dWQzrUCFT9zhnNJNt4BP675J2-dwGi950g,The Tank Man,1298,1681673379589,644
61,9Sn8KnBkVV-zh8_Lp-cYV0T72IonETfI_H_Y2Jxmb-bp1Yi-,II-hUPxdIpKLuqPhKh_qzR3F37_VUln7Pd44IlOXVKDBo2Ac8NAIofP_,T4qNCvOa5b78UE6_cmSxAajvECPu3AraSiWQtqQ9YcEv_o1E8c6XEfgoH4pj1582L9SsClH7kNmw6Q,Iinks,5743,1681719549978,396
62,I9EkKpDWqFlX32A0oP9fTTF8TinbRli4_s9Rp9ZYCDD3S_8,R369gL_P2dlZaN3OBTvyY0xrcvaZucjQkYGM35BDu_DdORE,amQ8FhFKs0_J9pH1WKjXVGvye94SdOzjZ8RdTmU7ch4EjORVLJtg8RITjb3J0fwjkcOrigeLg8dHgg,XTN Scenari0,4760,1681628068000,297
63,WE5Mi3qzy8Cx7OudX52AyHvfGWpnwRDB6FFeqthDWR9gKRcn,4YED1KNfXCoUb1ogXvzyI6sIxIQG9IW2YNVrnYURZmDpqXxxJ3qcESOJ,18eP8KawpJU40-uYThuvDyGtXhs1eluCVxX5bg13bCqdjiXa3byh9pIYIElOqmLEybtZhEw5Dprewg,FATE999,5742,1681710543467,904
64,2DX7yUS3qhJPcXzO1c0cDuDreFUsvx0Qm8XY_n_0j-zUHgY,zFJ3PrEfbhRESKeYkszvlXRhluqYYwReDT-YxSMMhQpOpA,eMIIFtx7qaqYzYroVak7utJ7MN0kOmEkfsGxv7KysNEmkc5YrIIZnqu-tA4f96G5rpUtXK_cVdNaPA,Bazz B,4161,1681709900429,584
65,WUBoiSbI0X-VQmUaW9gUNNK2tLqR5RgcsKyjcoX2PgXT04o,0K1frqf0MabcAoDX0ya2RqYPf912zRXZds2PU1bJ7JjLuQ,lDos5v3vMUQGJXAJJ3bxc5SnPk1OVomsvRUL3_wVImgiByp93YJFyiOgHtHKGxeIavnt8xSUXckArA,Pockus,5249,1681608614000,693
66,424xR1LiGNoda9JoII5no-Sgxi-3USA0iunqHyYfOkHFZXU,5BJOuMv94HUfgiJGU0d_csjabX1WGG08NIe6MQzGDL0hbog,LunfIcCCQpBYwfyPKfaXSI1zyLk27Gjn0yIqS-4k_fshaIzt1VF2eEADniXZ2WItKuLbfzBhWwfQXw,Decøy,5585,1681692126000,930
67,mfnnJpgpikOzBhmJSH4DWE305y4rS6pBHOzMl2X19df1OEw,CuVrav86HkvzJoEA8wMl3GseQ_Nr_8D6U9NMvwNzQ_GgMfo,AGQw81DMBor4dwpkd2pVarMoApXVOep6MtpruN5_zTvZOvaIo5V4VIiOLiz1XyATKcEEbVNCSOwv9Q,톱 왕,1135,1681721147492,144
68,KukPYGY5OlMOt_XrdKVfmA0dHcHukzHDBZDeNACcl07vQdQ,x2IPsLSkhTLtgDT0vfswU10_zKWLOHj5LtoATiY37zfAXeU,6laYaqpShUuKljiqyGKUXMFIdJgxnyUwdXi9vIEImdVo8T4cnRZkkLjWvQGl2FwNtxKUvASXSzWzdQ,MONSTER CHAD GOD,4965,1681711327558,814
69,e9HMrpaCNR19nTg8zh1kGLDb06acj-7KuxOAL4G33JfrgYN7,XmMXxBOg2k3iGxaRDWvc9phj2-FP3kYA452Tv5UrAHQk4FLhx3KcoLJi,1dkiqljxs7NFVyD9Ok0Ww6Xv4MaoeRO5OhIiW2Wfuq3M1NsArlvtQsq2cYe45g4ZKDLVSSrtz7P7HA,Dragowski,5169,1681605268000,179
70,LXVR1dfAuugwxZnryc1F5lF9iAtQckTUfgXygwcGFt_DEKU,dsr_FybJbDoRTbIW_jDuvTXAl-xF7Bjx_aFfCTwalP45Zg,cCnFBgPusV6_468sNESp_XIqKT37gLxQzrtADWckO40wxwEwV-wrmKwTtwsJdvFI2YPhjs9CpZZgig,Nightmisty,4804,1681720782638,805
71,Gi4HMVQ0uAhqMU7efIiMszOPQjb-Sf73LiNqbiuBgN8P_2s,avA8OYczpG0kFiJtzkwNlm1C2UKP4ns2oatXG32tQcq9tDg,QzimTUVY5waIbs2ZsWeYuClyYuYigvwO_NVVhUh-1fMq1Cll6OkD0fcRvjv3bVek6RZaiv6qvp-dzg,1 def,5435,1681717483632,436
72,0hG1R-1C6pvxW8d9QMfoz0A06sjxHTZAoH9gNulyLzeZC_0,gcBRvtY2lg90Vs-n0_mBgnctMxHPhdtcBBS1MQeaarblM4M,ooZU-fF30Tbp6VZT0VeDm-xDKmxeKXEvUp7ZIavoZZxv5EzIQ_zrzJPTGUfvXxmQCR41O5dLR790-w,gemí,1381,1681620122000,625
73,BZ7sNkdNzzuvy5FLGsUspHwjdmYPqTPIRAAyntPO7HIBs1c,cgS6Myq06iL_W3UXEO-CmRYpSYGCC8g8EixguNPmgBov_bw,iMlnjvk_B3Tg6B7_8bbXy9-RJebSIQ99bqmMsJY8oRbpRzpcZZRQMw-rDUn4t6bBYTgeabBzyhU3hA,faker god top,3375,1681695189826,219
74,_djm2sQQiHa5NI2hywY6bJRYLD05i1PMf7-6WZKAkhZDFtI,DQRJW3DWgaSlAYAEOsYOmcQdWT5RjgzxIgbaGtOqNCrMHsQ,cRCup4ilLMNuo8Dm5-71vuNrdxmevwVjcTiKOiGOxvKOeLTqKSSuyJ3HYU9hAihJyVv-nkRqcDvdlw,kookykrook,5585,1681700614039,568
75,KANbUqIYeNL3NokRZXJl7QARNrfa3pxJQdK9aj3TuaSqz1DgrtOX0zv61w,5Nz--0uyKSz0fcTZVA3ca2CtvE5ADZRFMWL2BiM5_Eu-C2_frdz4Hk9D,4Hck5e-Sr-jaVpMZSoyN0BApmxr4n54VbgkUthDtFzSbiliF_ROL1ijQXTml_Da8WD8A5jEf5XrIRQ,playforfffun,29,1681102528000,51
76,NoqWyuf2AI_eoylJN0Lth1v_qFQt3-38fcHy2Y0-52lz2TRHviWJymjx3g,EBGC72ldBi9dnPbgaoLoLfY_duuhcQTVtDYqj0jmTi8oz3hpQ-Y2yVBm,qEZ0YRMctBks6AOgPAjTDNx3mkgRKWu8TRxqL1d3-0L-K_gWmfXKNvVtE4eXzemZ2aOB_qERSu430Q,Fleshyyy,5640,1681283736000,63
77,PReFVdC3sFzFfwk_fxb5yqg1JtrDOS0j9da01cQdIwXmakDXpewmyt6Q0A,l7CiCdsBEkpu0tmk2ssCW3GndMVJNCcRiBYwBBva7_ZEk9RVZz-hNeQT,40Saui5NIFEoUC4uxzQNro8D_ebtx_IemfrhCTlSk9LFus5uDgeL-U7WL13pZ7g_3wT4SMKfgw0CIg,nalamango,3788,1680483667000,126
78,RCjK9KESoKPO6ZCgyvrg7-i8ejqv_21fcU30m5UTunlZfwxTwo0nCMtOWQ,fNySuvqQDtjSMLcO_MPmnpGrMAkZvJAnoppNKFIrSxdD_37EFtWpNdsl,I2XhZZg898uUkGJJZA82-8bOJn9MWAgOBR4NLTzYpmRlprk4ie1F9ORS22VJ6dlit9oNIeJhZE0IiQ,Phuemough,5736,1681688649911,66
79,1Ij4AOnaFsP4O5oCsIIOG6U0UWPlu4Vo5BeHDnvGUzsiyLc,4QDIWRADwb3E6MdUrBQBd3aLefMncYuvw1FzUSh7FGWf2VU,8Fh2n9y6DO5Ku25Ou_dm8XXC5_X3WxjLA08bGhfKjZ7loKnIQ0kiD_F3vR3dM1Y0awqQFMdRfF_liA,DevUnikorn,786,1681715905837,718
80,1GEXQ9SojAkQcYKH8CpUjHnroayeKBAM3DoWYNh9npce8_w,8YVLDZH3lfL8o58x97tALXG3DEV7HZ3JA8vE0DqrrYlKYw,V1MOVaFoShqweqQ-3n12JMTZu1jRMMyqqEoJMLqtLxeBIpiCpUwH8MshVjCv1E0t0Pm45kJ3y4Tvyw,41205,3456,1681096928000,236
81,YSC0na5oLyIheju_5lY01kcpN2N__PvKHWx4bDa5J4165s4,r-L6ahze9SsR3ktWwR4Rx66PIqbtADAG3ZzsFkvExMZSwg,AXSt1kTpEUhQK-UYG8crw-YeWcrYaGh5zLqpVLbfx-jhLoHlcOnKckLwxcLFBYXkthwadMa414EgQg,Yozu,3150,1681700128962,609
82,ofeMLL43R_IOHK9OVQUxQIjBpgNmzslB89xgvhXTTlSwybty,hI2Q2OpY_Z5rK4Zjk7TfmUEoMCixVtwC3hEqtKJgR30fiZT15hl7d9Ub,1UZ20PCX3tezshhbzrWUqqWd6NNm5mL7JjxdgV5ysGbPs0VcY_iuK8tRrWxjExSGg027fXNpROeVfQ,Andy,5448,1681730257699,313
83,2F_r4E90XY2uJPRIc2DyQlRp-vcnLvAl7RxJsjI3JsdAwQQ,nXg4k9xVA5OfBWq2eyAllcBgW8DMkADl471xSgVIdGnN87M,I2h6UW2ZD-HYAaCA5ApowtoXZH55vY-ybGIwmEHMdAnehqToV8LN2IGigYGcTDlIbUrB4rxI4XlEDQ,Little Pawn,5707,1681698299553,915
84,TjbQP_2eW_Isatgp3tvhJqJRJEkmBQ4RjKfBxHJZSypWc0xb3hridjf3Tg,vxB7JrHrBR9iihrPhgNa_t90v8ixhbaYd8rLdi4fiPobNNOF-NE0XqkW,nhRWr4hC5wlnVatUkwbBBWt5ArKWLLCrb1R2ked1TT_37uqbJjAprtv97bmQKPV49iHZxt1M1m_wZg,Isles LFT,5226,1681711421973,480
85,iDxv3QfH9aLBJh2z8aQ8LgdgEQpJypVkhUDqDazktoQXMKo,AapX94kHfXN0992OMAV9702h94IFj8HmmzaYQgD322AZqA,ARdTABS8efwbQCefh7Q2g58KY5of5dgVsBzt-8_rmofIY83_HRDaZcY5jV12JUN-76Zax8-qw1Dlgg,ControlMageEGirl,1450,1681366718000,293
86,gsHiP4Srekc13dwKy3xLt3OaK80NP-NbPLEr8ViIIlcKpVFAHMI0defKFA,CWrDGQeD2Z0EQaEZ0l7u8vdePi6XuE3wTYmrIJzffj8mHFmjdNywe_nd,C5pV1swvMFBSSn-1kJKmdtxs0aKr9BB6y2NzPtjPjBuEnflccEMiQLcOWRqBokaGyhbF-5UyjNzmwQ,TTV AKASHI10,5079,1681690510000,293
87,Ti82lPDPzINJeg_fEdHpo6szaVbsQwvqtW0n1zsLA4_FmiSt25SskEWEuQ,EtWaIkvYTn8okfkVWKGxCytHIPKNg6XAKPopXqdDVu1FEot8f0-_IVxl,6K9-fIfjIw-LKGlJGedN-gFjqFIsvYAcimdvFngD-XF60B0GPDeV7LRcChKRshudHlnAJORQJTTdeg,SIayer Supreme,5630,1681608717000,557
88,EKBQp1QfyYTTu5uaPnJ0PSt5OUcCyUxC9PXDj45_eomvEuXo,YnDCCrmhC8XPQe8aqyUTtrCj7q3J8YAAcdZOHGhvsHFt0RE98d_RQ1Pw,dfyPvdiiRi9q0bWMPxJktAGHQ1ABV4YdhqXzbo9pYGjEGrDt61OC73rpQAgvPh3fi-ivlTHqSSKn7w,its Barlo,5530,1681610201000,434
89,LHeI9OaJ1FJetNPC3UikmlxfCr3wkGF4merj8q3-ONonO74Yy2wnNYs66w,M9GJhgjZrfHbiThN3cUWgbduIkxm6gDvSxmA0z0YqJYZi2AvwxbDI3fB,oA_Kps8t1CRI6Er4ZN_L3NTWuBCLgtiX4XheDIlrVWAethnAfIopoF_HKwxvwdEpSBwDsXe2-nVxpw,FLY VicLa,29,1680933434000,52
90,3eBc94pWCV6UGPl9LRwFFVCe05VPkTCirznHdZan9amMWEs,SvgmGEgF-ZKPX1L7bea4fxZJJXW4Mn3gLfM3NSv3A5iG7PM,SS3MI8RsdM0cfSDW1sXEKaloi7mnVCLJ64fEgniWW8HcnjMLN-FVuax63Ul8uBhuwBZsSgd-x8ECgw,dlwlrma fan,3797,1681694128327,90
91,bb_lgl1r5DTvQyrKp2RkFm9S1YQp1q7TUEOJOc5lECMKUIGa,lOQhKPdMw3pLLx886AkuvGYneOToJX-ns3tdfDkTGCi_xPVlcd6C-lAB,FtCd0H9cbtiwxyVaVBEhZRIlWbN6vS23Ik1lZMdZFbRqMQp2V3HcvP5XRFvkKb7COaePIRV3uRhkMw,Äs Nödtt,15,1681618940000,128
92,k6O4mUcyDfHD5NEig1vpS4CJd8j1i3cL5ulp8MVfvjzAydQ,Bb-e5mxbx09CwRYrarwVynB0Nf-mHY3uTR1LNycSJu0LQw689eUrstwV,MRGjA5_9WuCaqiN6YLbNHosB_oxxn2Qwz3wFCrpKap4uEO6EHK3_FNdVrJ_Z9pHgjt4X3nhUOIJvEA,Wumpus Wave,5259,1681705763034,508
93,kGICsvN7BAPvm8C6v69dvlBPcCCz5HHPjseXh19zwHQMSDg1xM1qi98mYQ,EyYmi_5IOmSDzHXZKssD9f4Sg5gI2tPcxmdV3drodvX9Nw-TB-2_QoZO,rVgkkN0xs92CRCkUY_bYS9dSFE0Kdovdpy-sFURGP6NLAaLwmtu90JI_zBTRdykMXqdXwMYFsyAOTQ,Wxnt,3583,1681721946089,59
94,BxquMZVfLMiQUcyjyKrsj6w1h9pc6-WlLTqnukTcNw2f-FI,0-0-Rj9yIZhBqQNiN9qPfHJ3I0mmMcgYsRxlQujui_yn5oU,lh9wxFiGOYZ9DoYF8Tz9EUAYikLxJB8WWxwjV5VvOXTWIY58OlWsLWO0GbvD1HiqdfHvaBp8HNvvrg,dfgtredfg4,7,1681616475000,124
95,8p2VQ8HQXkdGv0Ty-ChMxGdpwccDfIPkpnl3SeB15C50MpA,fsLdqHjwmWBlgFA7a-QEvq7oDMbWZxnKlt3bVeKeE9pttA,W7iO-48WpeEswYS2IE0POSMC2gUo2tOl2ofJUAr0R8L81gZMONLf2J4uIV25VoIiP7qJxsHukeexSA,ƒreyá,5547,1681724408994,516
96,Dth9e9CCfBFgUi056hRTm1DjIJssjg7578vZyBFi_MWElpY,5xUlZWrWHo9izV1O-mKr2SqgLbQOsDbQSH24BkaxJSWxvAdvipB9Qz_M,yJ14w6Wm725QK6MKuwQ0VtX_AkeJz5HfsdjiwRKWbhdqvQU78FsWWSKFW_O01qBw87LvJwZ6WKEBCA,bladdee,4780,1681704398732,692
97,8PpmxfqGzJ7P70GwptJL6g84lJbTC1A2fLm0Tah4WPxSIjrz,iF9L_8DR49A8mGiiwK1G1kQk3od2S5t0gPppd6Eow6sWldvLDbii32_S,a_7fskmK_oB9hu8Nv9fds807c0EKrlJDRRXLpS7bgHJ6ZZBswmv6SuqvA-dbZi5_d_y66IwFIi0ZsA,TTV chenchen53,6,1681493504000,828
98,-Sy-o4RDQAfXx8wTEtj9-vd8j3AGDW_BCxVpDx5kBAGBMD8,UvFlbWy39YkDMrkztKb-eouUoasrkeFF9dx8TPc-AYlTMZ8,DrpTGJvC7PJVF3WPi9oG53eHgVX_4SddhE6IEoibh58axoYS-kMDzKZXKnL9jN3HmTtWVqzYBvnJLg,DIG Rich,9,1681721258446,626
99,bJoRFZjtUdX557j7eU1cozApTnxjoSVqbJI0E-nBpl4iVeyCUC-6BdPbyQ,w7wPCp6nzNa7Y6ZytCmm0cNAp3_8RlcbjJDSEHVwxFejJwgCN9h1BfnR,_x1WRIFp94rMad7nYd3eQCtc2qwvK2nFV8Bsrlps55MaS-mz91QICHO-1Sds0ffA32EsCIMj3f6ywA,KISN0,5470,1681625466000,76
100,k-Djyk1T9POER7PWkVXipWk06cZJ7th2OQVaW73heI2tGEVq,BOkMjGh2LdYd2_8HaRDmvP5V0ajZZl-bnrZ7oOVsLgbiBa-6VNWbDAJG,HDCGNksuTWRKhdiF4pVdD8tU2rA8sKOk5w6AKxAIXXgwW56gePrxjjLXnam6OcWEZJourm9cYVaSsA,callmebaby,3840,1681637412000,642
101,ifjLPD-cJXb220K0qwCEu4gJn8PKrL3DP7BzOPmrI4dSeBo,Dlg2VEMAqUXT3yvHk7Twb4wymZEA82b0M-DNsWMb-Qjdcg,mH8VIZjqcZu3U1J7oiVMHDbIpTDLsUQIilqid2y7FlC6hpUpnR8LxetYYLXHf7aFVEfDfdX7wfH9uA,blaberfish2,2074,1681626957000,411
102,Cm6USIUyJUIbRUSn5Yqy1NgDryfdMZZSONp3l6G_5sBKm7evltH2_m9DFw,v8LTSlbRpJp2z_nGN54WmF0t0IPYEK8f-UHgd4R6jkIfU3EHbXHeorhI,DmKIRPvTZvY3at5FtpBiw4UyGTkHNn4Fg7NRRAtpyLzTg8ioymbi6vhlZMBmaGwlqhr32PgkyTSH2g,Yuzuki,29,1681730403174,115
103,2wb9jsM3k6kYNzbhwdM2y1ZcVgtYXGGZeil0u2ih0iE64OE,2vyGsnihhnWHb-5oc6hZ9-e7b4Xt-a0Er9v7c-ysryk8rY0,IjJsybbgl9g3N33xljUpkraZq79J4RhW-zymp0uO6rceVDdc4cCrLvMmUmRoe9aNTNIXcZJriACeHw,C9 Zven,7,1681707775967,609
104,0H3u97usDongol8rO55DUe3IZTL5nyT07ZpUGXLDjoD_woQ,gq1oRCimwOYvvrGSZr-JxQiPAzhP2--T9gWEkmDbGhDuK3U,Mjz_XRzcyUjn7wfme7hvirgc3m-3REPCS0ugCYXLcHHChX3eD35A7LW73qgsOPcqwLyq1tJz6VtDGw,GSDFQWASD,7,1681680381515,320
105,LMMxLdWyquMrW_91WBVTH4u7E4wPe1oCvJIhpIaD9a8lejrPh9qXBuEbCA,obvih-bSmnRnUifOtS6to_xz3tKtnLaiGtgYpoTb6AOSnzP0M0Tyi2Do,BrrBxxmu5sfl2ifTN3ran1PtA5VNXgT0Brwt8JDN0lTDMPGgEXP6cfikyqCecgJFri2vCcaGKUR6Ug,DlPLEX,2073,1680556546000,570
106,GlPtAk_g5uphxTYaIMOws9GUhL2aYx6INBlJnvTUdjpJhbeO,z-efzFOiB3yRFZjk6_UPAhiGHsf-e3l6VK-OFqHmF48jB5hgsWHeZ6h7,IjTdq-kDT6KFlwBH9KjrtVvFMIe78W0Z1DgrPXRP70eOdut4z1ZQr-gunXOAaQ_Iri0HakrLM-DGkA,Wanfeng ouo,3018,1681696959278,90
107,srCfjxewo-X9MKCewr-6nrL3DyqiDQBWSc8uBAnTDugf,rBK4Fwktc5dK-Ziqd9aqsDTItAosjBxz4QFyMEily-c,fm9SY1OsHPwYAjxjWSwte_6K5kqXkpNCfoWlPaMCmZTH7LIHQG2P9uLrGdSdQbFh0wM2JM54Q8koKA,iviper1,4022,1681690930941,501
108,dyDLOL8grJt1yQ3v4zXVGonegCdOUG__2CEu6sxmerbDKHE,UZYkiRL4EnqMgE-TOb3UWBMvaGqM3vWyB0AtO--yNWwrBA,hXyKCfjkVDqOkGP89mNhmRHK4OWkPnhfVnX-miw5I88XjquC5NmqWYlnPmofU_qdYvp1gcQGQwjKow,ToastyAlex,539,1681686756913,548
109,ElxNwGFe0caq8be6CC_Cu3BC0olepv27QxA_GAK0vIbcNYg,RZRvK2-63eg7IijDEqAr27iOJfwHTs1G8FnDeKKhrcWm6ZUty4Dun580,4XAsKeKbWgPxhFE1JqjmMw4RsDmpyweevzs26QeKF42kdARHnik4Fvxeq-YmzDMCZ9eh5_0BBzvgRA,SanguisAnguis,5252,1681424541000,439
110,LPcsc1ptAvhqJvU-1kUBtlNWI2IiELq418AVK4n4xU5YIts,aaW5771hfoASIVTYTRv2_e8KyqL24rvsechV7rOoOAUhZA,xtduhb8qppV8_9hprGLfDwrrCG6Vel7TBpCCueQtY0KpXbisFgdWfOHZe0ZJXwKSA20E8ooFZkU3Gg,Nikkone,4384,1681706020028,525
111,HLkSfExQ0jnMWavApDra6_LrMvGpxVtPAIl1yqyrdGGimL_8,_1uV9qB5ppAe07Jtm8sTler_uDgEnXLlwDIfRNvPcA9tik7FPakx3zKL,pPZs_JrzdB4CtLu3cKQsFvMQp_mE_RrhUTJ2RIZ-rbhRuhyqh_qXIw68c3lieumlWY5IRHiapFdLDA,ARRAY123,4271,1681576278000,230
112,PLwQnQPmtB-SVP1wgaICXchJHh7BcI3aNvFAM72wfmOO9cU,Abl1bLSEYGHchmY-4dr10DSlrTZtYauEtBoSBc7-vFVnb-E,dusCsg7If_Y2UCVN5fG4hn98qgzOqTuQRCp96MYmWpf4qdZ9BC9bZ_y-Sp9oAa_Ryoe_Sa32MV5V4g,C9 Lost,3505,1680487806000,342
113,yOcIckxCVhbxAWRVzrsr2FqmX9GJ7OWnpw3wyDTeYMaCudc,ZQJsp0Qj2loJNtB_wKSJs9bspHCId2rL1eQVDDkWjTrBYA,fnry4Vg0lAbfT6ve0-owf4U2l1zEOMQgVsXt7Bw7Ti3CrPnToSzz9AfcocAstxs16WwvlypptcBAFg,Allorim,532,1681701365996,644
114,8h2-JUieM1VBl_euWvhxK-aA1XtC75_VH5WI0HDKi8JRG1aK,UoCIM59C7jiEilgXp86-SRCh_Hxsc8HZl1CFlkmoojZQVkBtDvRsg10o,IKURYhNgQhlJzxVpAXFuSANsTn8BZMDPJlriL81mXZpwqFBVwDRss9gsndC6z13IkvcayGST4qb7ow,Deep Learning1,696,1681702433567,370
115,HTIo27TXQ9odnOPYrmlvDObM2ZD5l251lDdjECz2tXGMAfE,vetWhVMpy8JKOHlwfGNxsxu_AFnC65bBaM5kagh5zcb6guU,Vhh2GByQtBM3Rsvsse2wY727lQ_iRn52d3e1ZNrMt-j0YxgEThKnRftywooj5CI--9NNpuhrtydH3A,LastDanceDF,4240,1681685695058,880
116,icSAJdSBsMYnxKfAGAdBKZL5pOqE6f9zgauK3WrswJHwixI,Vy2Z_CJbRBjbbHMSL8f6883z71itE7iOsjZRuOunRLNE8Ns,rXW1yiesdLyBmA7akSN7O4jqppWv1Eep_Nn_yqNLEZ6dz7k5DZVn5wGuV2OXkzKaHgvFfGwxNWMGhg,braydon,980,1681721374098,535
117,IqF0uH9h0mnDtGPZr7KwSVTijPKd3OQBFUjPwJdFH9fJPSI,Z3ElVAl9V_HJlV259p_bJiXDvCgMQ5D3OO41BEtS0mnFFQ,kTeiZEGqmGkFsnanwXPMGSN5monSxDtSiHwt79y5lCogvorXgIIi4I5UCHuVr8Uul8wpFT3Ob-SyPw,Good Boi,3795,1681692651761,695
118,3o9pZBLeG_A-qMrt2RF8Wf1udwv1TEnSfmculDKGKiYLxVrcTh0_ZH1j7Q,CK_56TOMsrSC4CIJOlconA9ES-UHhMbTTcTo4z03xn_E0cvWGLVI9jb9,9ctUrGkqjXRMrw8oB-d-hRHii3jCGi49M0KXlkZoyjqU0LFwSmguiyYb3NJT9eArBM4jP4sS6kY-aw,Saantorin,3787,1681605448000,39
119,zH9b-Q7fDKqdJNVHtxAmXTdjt75jPfTHVU7K-lQL2y12B7I,GK7tdvDkpBGAN3SZi6iBB4v7-L4YdN0y872zfXV5Jpc7mFw,JoKsy9gaAPtzJYlO217HxTKovUJlUgN1nHB_u5_Ddr0dX15OMhn8VCgYgqk-tbzYoK-9LLRjprHvNQ,Nem9,23,1681599278000,961
120,LJnk6_S3_wZeXgN-KKLysGC4A8geEDC1ddhvbNWs8nMA5LQ,Zuzd4IKj_Suk9QJhATVcD1OmkhdDedy360xXPEHd2mg5IQ,e7wcTebmFtl6DITddkeIpAM0jNs71F74fUV1_CrM8_fIdVQavLXMEB_RkyCv0OOYAVd25eOb7cB9Fg,Zacierus,538,1681714720357,884
121,H76R_pUzcSDPkbvf2LPB1X_OZL1EJWB7j4fYC0kVzZ3sUJOOuxu2uIW92g,rCnE16h1R6x71JEim-C5goHC41qXApq_AfM-55RAOnmPkc7U73RRR0Ga,aRDHtq-dGPyvFF2wQxQo4sQGkL7SoT4eWxJVq5p_sG8Gb0pyMjw1GDHEDvh6VhgU_fnVxgwzjZqKZg,Woddie,29,1681009733000,121
122,XSRWIqtkhyJJPJqsEltpiJMNfKRucrw3zwpTu4xi4rZja_Yw,vyfwiAOcZ_czJCHfL921XeCPkh_JnIfyFpCjZHSAuKlqx8fHi8wtqMJS,AzlwR5ieGcRSuwvD_lG5rMFZbiLCsxgLWRU132s0qZNoDXKRE_-5lEtPYKhx9WtQLsRcwrGRfRy8qw,No Ionger Iove,29,1681711797488,62
123,3Ktgp1xy_clpAUvz2-KOyD1X3W1wTdrQyLJ1qGNNZpKydmc,37E-35kiwGvCYsInHZz75QK2170w2x5TjKWJHFY9gRtiaw,pgB23jV3nMboUcNk0QSMTsx5bg7vo-KEhnDrx57B-RZbNqNABsW2SRIWMlN3ZLBLVHyraId-GVVokw,davidmonsterfan,588,1681703160603,432
124,8v4j2wjmeB8PeHmIHcS9okhQcjXC27N9EgRJi8w_es15vkbjdBRvLjk2Fg,YQt37lGG8D9XSDgZ2C8Y1C-g3KHHezJTS0_0IMIWJzjUmEeIZqAXGK15,GOYW6IobDWxsubFkwrQTC87ymc0yBtdOKpD5DiWBE_794jb2FL0y2ePyLfW2cEk0OZqZZWlQPLbX7A,bejjaniii,5063,1681449551000,208
125,hySA0v6dKOf2EysXRPtYpZxQM0Wy6wmUz8bWMWyq4ZTawKQJw11I2M0njQ,If1onGRL59-oozVzusGBj9ADyek-LaHwiZs81by9Wow3IJbzvqCpLidw,RYc0XxFfsKMPxPYSPwGczL-_P3fmv8PkO7CjFr_jYZSFgncT5fQYT4VeuZ5uJHtZd6wCgnrNnivVxQ,SkyIar White Yo,3175,1681721330485,69
126,OCA_7m4ZVqZ3sISCnGaQHihvCKHy0QJD0FLs1OHkaOTfjqvPguNW2maLDw,Hwhcuwpba0G3dBWEIJc7uyGGlxcAQoqYCkOBgyZ7GefdDDOpioDHThVV,4f8wt-jApXhRBeI9jjzT7Ji2DF8WnPaMQBD13udqk7Pl9YU4I_4s7AzfWo5gQ15_KblL_9ysuIZxUQ,jojooooooooooooo,29,1681717483632,39
127,oiCEldzebLmG4s9IMkeV3nkrlRcqHw7D6m8h0arBUnLevCA,wOHieUnykjPkKotcsyn7KC5gvk9dnAOih3uDvcM_8R7zWg,q-DeBnZE0L9MNlNPiFggijsY_0RiNGhpUu_Z8IsiJVaFdhsXq0b6JAXvPAqu_wn7tylUWLDTIvgwIg,eXyu,5490,1681684333000,730
128,Q3TKfLe1XZDDdOfBA_MEnz8WF4L3lUOvGQIeUbUSxyFgTBc,Kv8R5bYhKXrvBrjqxcJ2kxo226UTrj22CWRlzWEUKdFLkA,CTUHI0AHLU_82vFkzo4LyRv09daVvVaN4Dy4dnr9LKir75l5pTYVORK7OU9gPpE5q9zrbjrr-1PuFQ,Topo,5169,1681703923915,1119
129,yCX7Nug1DPKfKDQRq74bQr4LT2gHV6KCcvUpXa-uFI4yBOA,881PS9wwkbMF3Ieon5S1PnYgCbU9EHJYHveLReEO0exKgQ,hPha5QJgWDMru1x7dTDnE4IuvqQR7cZOApO_Wup2p8zScZuFFzh0f_LF9cC0j8BQ8pTcrqDImCfFkQ,Tony Top,1301,1681692884294,699
130,ZKlf1rfz6xF6hy64Wlug-9ilOtg1dbrDoXKK3NEYvXKGxu0,Jf4QxGCQPc00uNotKywJAMvMrY6nG2CEbfTjlKkhFHesxw,h1nvGe1iqgM-Vjsez7VnYpu5A8ThyfB0h2JPDP6NuretcyvoPsfR_rquiXtTmPjPNm2rv2wLH09QMg,Avers,29,1681733057969,423
131,THY1tor8u8zZ4k5ZQVX60eBJlq9-InlbfDet_Q4bS5rekws,3_ByP5CL1vvPOlJBHC_si5KeIpqJQRIYtk5Hiy5vjX9dj-o,NTEdNL5xNk6JcbrNYiqTxnRfphLHR4_HWO9bAOI43liG_LcIfKHJEGS2ayKm9as1EEiCv8P3uum-TQ,Fanatiik,4027,1681663398462,314
132,cqE695DmcVBW0fn5vx6WEpFR6mx0EFhrwXSDMSjC9s2a2ds,OzV3LnUtFekt6LBAckLq0qu3bqSZUOzjjlMof5MYknU5J0I,Fk9TORteBRTmGGS-L2m_u7FN2lW4XYLw8zBfMRCnuHNyFQHfxAiX51ZTknkZNc3ZHPXGMaLDOELBbg,Jana,4840,1681695025375,480
133,4iNvVQE-p_7p0Q3H358TqhHEs95v4WpZG5vnTZG05yPYSNIFsV0fVn3VTg,lP_shqT6BH261nwDYyaMIcVz5atl80XGJ_sgD0uqtCTurTD0HqYlqG7_,R94f8WVC6kxqO9szJrI8WPlxcp4s9WGGU8bzIg8CZHQ7g1gLp52XCm8VE-MV0nhviWPN67d_5p8pBA,kenvi9,1152,1681709499825,51
134,tmmZMLY2g_BRmecWdhMlN684QcIRdtW3H0EEmTgV8NVtujI,PENN0KHwdqjcy038H-M-uJXfdGnIF__KQBTDzvJQqx0AAdo,WDp4--e_PwRAxwcC0Lr3D-UpuskHgjaA-8hI7kfGZD6oC5RjETRaaMCdWSiVj8YosNOz297Hr5MQsA,I am Súnlight,4025,1681712220056,749
135,LNVegEMyHBfPyamssuMsoL67y1JQnG4GrdSisZs63vvjfrU,KxUWY2NpCsH62TL4VQzCGLSqSqAGAuezkKL3ao4vwXxJaQ,O549wjJSKaWeRCH00g5VT6k1CcxHVmM4POIHekd3GSRFRoUJrygEgizYNObaUBi0onfRNxmUxZY-jA,Hextech Revolver,4409,1681727718096,363
136,wwoassYIG10Vq26FLxboAV56uLJdoTBa5nMUmwIs5bhJHf4,PkOLjQ1I1UigHVHgbOfE-30CDQmU9TThDAEN7dJx-MtupA,AjEw3Kt0iNAFpzhIi8Vyfa2dkDyAg_ieT1Hj-dyBdwYGuuDsSX6W_MZ_9UBdohhAc7iYNAWGZqwSmQ,asdfasdfasds,3787,1681335969000,319
137,i2EaDH7u99O_Q5vt0WJMT837ryeoRcJDDP-Vr96V81rAxQGCB2jhQFdtIA,uSkk_kgFR0FexkyJLtGbF7k693x_Mti8K7ihnc6SorLwTVhhKJkVtGbM,71SaLkzIBgjFEAR5dNtg1_bp2bYin3j_Fqepe0FzKQN3eLog-SDjfAuR-L0zFy-hGQwwPTFWNtfHUg,jjking10,29,1681727926687,336
138,utjlVWGI7rFw7-X_ttVT9Fv793sR_83T5fNNDzHozEJiX1ST,vSLSlK34iqxD29YXtdpkQhdH9_kVVgEdDR7GhLyPpcQboXUmxCQRcCyB,tLox0Fs8eut0vaRk5WQUT-ZEn4GywfOkOdMT5Xr-rTVh7fB7P1BrC4QrGgz_GtEdBlmUDezB1Hqo_g,Mixtsure,5410,1681666047763,459
139,VsOAf3cWzJIKjq1yryshGRuP47jVu4iacY0Q36ato8XT84M,S0_m3Jw-zxW-_IERQYPTLVKprvTVxCW-YQ_BztAIJjpWxkU,_kSJEi8P6wYer_f-17x67mlz8LHl3Wjm1hoLJgZv7syKNt6sACpbiua6s8dXj1JxFB97L9Cv_dUYKQ,Trinn,3231,1681116276000,209
140,AfiJSjERXGpShKwmx7wfAZ1zon8c4n3FkC1s2Cu2diF7x9Q,Vwp1dRPhPUyjk_AHpIJlmf-bHZtN6EVSF6hKDRxpE0_OWLo,aMFuqcFSTCJ47gzlRC1LI54asVPXrvbr1yYbIja98J-K9xe_rNme1pXJCP79JXuUSchdU6r6ShH5HQ,U Never Loved Me,4405,1681715688162,897
141,_PDZ96sHlqI2Avn-clGm7JMuDNRkCFNXcpHH0c0DuG2AS2U,MW7dZ9HycNbv11PwHz2_cbrd27K-xvn3m_lkM0F6-JZxRg,jOMmSWNJaEAvNZNw6sulzb-FqucxQ0R9cpokl4czDw7SkyLImO88daCoTfrEyc-8Tf6cC3Q-kt094Q,Noodlz,1114,1681738023112,564
142,4BQQguWtJht3VuTl7Sv2-074xB-0HcvZo1jFn9MmS3Y46CU,Ompov_gJA-7wXV2S6zICXUPlkca1o2GnLRm2Ww8OmaWWsAI,DB7wJiOX2gb-f-01-rv9nUxjMA0xPqU99-wa6GVquffESwdhTvmtR_O4UOxLxIOqQafaTLoSd4Sc5w,Airflash,5002,1681710109710,538
143,D217XxFc11bDJgarLdWB35sIW5rKDcwy1S_SF1PIxHpIb3BkOMntENY1DQ,DKdOusuQCeDRlfAzzzqP-VU1twSHGMaTnn5wyC2edcsRZCHWlt3KNeCy,DKEi2d-KXKXspR4K7Jao4CFQy2s3Zn2zsIQsqzkr7GR5GjMSSw9BrjSXHQrUjxL4IX_c2EtbSbQTdw,C02Y,3591,1681727409366,61
144,d9NAeyB_Wlb41eo1-glD4Tk7O2R-l3SpIWB9J_vNO0uKv9o,21osCyPxwC0p6DClKMYBrLvdqP60nuE21yEtSy3h2L2ugvA,YcFt4KSsywWp5cvgeP6jrd8i7eZ14qon2J6uoIpbMvK5oh7UwMSNGXf1Kq5umt9TUG9EtlclFm7s3g,Zorian,3376,1681688360225,512
145,-_fxN4Ni-Q6GbuhgxQTe3XhNBVRsKKG_fGsXE_c6AyThnsM,y2XdVUoBAB6b4lb4GxJpI-1i3zitb7eszb2ZoViO4RUoIgQ,Q73Nm05kMi7piKqciYEPt6rjGFzXXN6ytPG1psbaRz6jKLTZlnHwfl0DibG9JIa0pIK_Xhtxk9uxMQ,Graggy God,871,1681597040000,446
146,Gqa1fT4mcZec9jl8M7Wfo8aEr5HZ3fPtd7hgl80VGtJO4cI,xZV1PHWT7KpSI7hKlTkteiz_2TS0Q3mWtx5CQbZ_3PlOheY,slXuLpcBWzoR3vS7wsnuXaYa2GxPJX2kfu5okE-2jtyLRk_P2lsC4sq5WfvNqad1usD5ZSdhO7HO2g,IMT Revenge,7,1680772376000,76
147,UmZdYdW_kdcwFVbn1Qlocq25Mct8tHyw-F26CyBAazqhep3V,mRkm8YzLSlX-r6EUE65t8b_2zqH5J4Rea8xrMFUIpThwKCgsV80NZXrX,gGp7vk_St2BWxYGcu6mnDGTSv05mGkKajeFuiv0dL_I9nLUi-udoYQJHV7yR1WWMy0alp0Qkbqre7g,TL Honda CoreJJ,3847,1681639914000,387
148,mPvX4cm_RlRSBISYjBw0kxJH3lqHghpBAeaF5h2JPiL-TjI,vvNvWZj6PONr34WZXRY2aHMIBOjmmVum1CEsY3PX946wQ7o,XpZBxaTegwzc3aSr7EP0rQ8FTkjzAur1ja_fevvMrW_l35EpAdxs2Zmg8qX2Xf_vETvpvHrGreV3OQ,Saknom,5627,1681720209746,457
149,olLghwjsKDCJWknJAWRC6ERrMjLZBphe4S-AmugGHbM-_VE,2dvZg0pbDjsLhlEyMetOTNT2A8UJhsk90C7zbCvb6bfl6xc,GxAQ8GS3H06nvrWBUGWkuZgB3OVu6UT8nG3ya7I2mIwI_ZJD3l7wiqOpoaZINNkwCPhlQfKYQB8nMw,100 Tenacity,1636,1681707775967,331
150,Buq2orPxxIJmvT3EkiNv70-lttc-u4pQwseeHs0sSOPipkdwVkQeTODWqQ,UNbxdl6O-Fj06J37yQcSkvU9lUkKZsl1sx54hskvA59rNWXfDRE5OnWO,gCvWlb_DAevn-R3cqbWatOGI8xJ9zOuhqF7HAo7UWCYxyZqVJecms5B_qYJz03g6qgUiF1ZOFDbTPQ,niinim,5,1681730896398,218
151,shSuj4taaAccQcBS23Vo4WMBviS7CV7XlPo_bW-h-0MTYq4,1H2cwKPAwwaF2n22Xdn6U-OPK2DIBFFvmYbBdaDYxHK-mQ,lC_6MPFQHihzeHSZEuu6F8_MYcq4OliDSsYSNwTllnGhAIRGDs-N-hQWhx1wxstt1MIy4sFULUjmhw,ShyAlex,5414,1681719875366,428
152,NMrfIeICTPg0j4S1H4Nl3r3DXh-ijRDl5DrrliMe9YsmHU0,FzYCzWrpFPU5vFZ6UwvBE0VorJMYinWU1qUIvHnUSGhBtJI,Rc3KsABIFztTH0wvUjVLguMf0GBsPD9412FxjGE-_t4OW7w9060uV_tcuYNl7KLYHtwt2WAr_Pnb6w,the pob,5414,1681706255000,335
153,bmExnb63O6YMt3-0WL-tl8txA2180xIGgFqdR02vZH-6,fOnku4zx8Iyc1GoeARD2mShSijh0e9lBL-PQ_A1oSFs,WBgSnLzBzKqghbutNrUH-pKYOVlqzzxYQwZfoxodaCGn1hLpkFTrrQ49-QAlTpO28q0qqyZeB3h9Zg,WildTurtle,551,1681511486000,271
154,iSxBsyT37MoAjCjn8IEDF7kOjs1xDeZE0A5SjxQ5bhynJi8,BZhkc5RPWkjpADyO_yqu_t15VMc8QRo_cNWfdYz2PlIKXc4,LXyYgq0X6AKwwJ3xLdRhw4-AXuICltUN7fIqeUf0uNy45WbDLC8aUX7twkCXqs9R1KLqlUbGLx3bGw,Vulcan 01,4779,1681680685426,298
155,I3YjgtO54D32wC_J5S3gULdGw3szNhMOs--Vne4XMSuqcGk,HKTK-LlhVj5_YbUI1lgXFX6PTyrBwLVh2Y9cbASZfUykzsc,9dwD-GMhd265u_afFgTSjhDW0FErW6sUMzMgSUEgibQlO-rmue2CtijjJ4xmxT04eq0_9uZnDAyaoQ,PENGUIN L,4025,1681686642583,232
156,1tVYuZnCxenR2EMSdNX1meuGOhgX__ck99QpgyKXVJRJfI5RYNjy4hKmmw,0aDrQT5UrhYqwo1Yxkl9T7sAsIYZhI2vkQLgWaXAqkzpeAgkoLKH8ij9,rrF2k_4Bh5Xvnjezc4LvfmUPgaPdG2LWRkDM4JmbVq5y04HA0OInGeIvY1hK_YtJL2rLU5EKQUAq0w,realms,773,1681710269669,81
157,B7EvnqQ9gvAtP0CRxIcEjRjv2S9goM4ZSDlbNItE8r_rJUmv70tngpMTwQ,mlZJGKNY-8q4UdsuNDpyPevF1nek5U5RKKHlj6wLI2UZYWF3SdCnl0jO,zskmKSIA9gMZiDOJ09v3ly9IB1Dhq3xMawTLVkv9RxVMk2oB8XC01KK95ATHAvx1dF0tS2yts0Vd7Q,Adarladorri,3494,1681683178137,80
158,yTx7qZM-S-py2WzFqJmyYYNnrpLuHEmbXu5ydDf2ONiI-NQ,hxLgmAnxTlTJlpSYq-FONgUAfoO4Iz6G9JjeGme1zQzA5k0,GCztJGUvOAinh0oFam5_F0XzEsycasaYG4ourwmpe9O_JVC-TWfAQz7AOCrqvmnPd8JQx2cRbSaZYQ,Leemo,3838,1681714953397,493
159,THpPQGIV6IFbrPkfEfJirjmNm5dO3f74cu8TK6txcDquPRk,CqFO5vXEmK6fvOYCTwOyvpCBOTffNmx_P9BW--_twWVqGyI,JbTHQxWHJNroCYPXVCysq-3Kjn3A2PVY7AoTa3vuI4cfhHbgTYAk3pMNvTpeQgGiURNGfRtBcVYXUg,BoilTheOil,3378,1681685597000,524
160,GO1TRy-DcRUhAB2r0jNPY_SxU2ASaT1u00GxU8GIrs0hV1be,4uB1CVB0JyTrM9SPgN1JpLbYidtRLcg-JzDDb_1q-tQ_-5h7iHhkoTkW,E0oNxXB9YuEhUFZ7gRP6FtUP1XQkFTOkY7DyNlAfRzlZDzL0DrCrRHR21_d8o8AFyMLcxaGpuYw1DA,PastIsJustAGhost,1456,1681591488000,286
161,t6Yjvgt6jBvJbakrn-dgUyfmYKYg8m7g8ziZNO5ChppDsSp9,c667idgrywEdYjSfB66TRe5arXfjkza0j7lfgjxmU_EHyG7ER4r6S4Z0,ljSeNwgW2I722Id7g46Hf4TT55qtHA5PRzGx39A6RXWwOCyZK7ZAhwMp_5GB2_vvS2t05Pt3245L2A,ADCADC123,4025,1681083860000,342
162,Y5c32PqD0ebljKRJob8txKWSf6-ER6FOauonTIsnwlDXCN8,fk9md3v0tTOxAe0yFN8kwTuroJnM4PZG5y00pVqmpsldkw,QxC-r8FCOiIPpXfa1JOGbm5XP7W0ToEdW8kjBAyb7i3eUOWOTz-q-ADdINk5fXDdZ4_vWs2o36OAqg,y0ung,1665,1681660657000,456
163,jbZhjwmRC4cyGkSqVcYC8cquy6XD6i1rQ0StMXDogbS4chWWNkgl0V5KEw,mV7o0rHOE26ddAZpN-pflgGiHypnbIAKTMdq19uynm5-yAk-2Fb_15PN,WGJ5cSvy_JNxe9D0VJfZOMZlE4WzYAIEpviA-S-CKvYYObDnuNb8gS7-MPPqWIpXBii88xizATp2dQ,BABO TOP,4896,1681623143000,72
164,FsjvxZwK79ZdeaFFrqVJUMLErMJPS_cLa6C2bZ9sYKDNPdQ,SPdIptuEY_Ofp1Dl9KW1r_xPsxsvPfIra4jnkajHQbzl7SY,OX9t6iqqHPB8GkakCpEeQJx2ZDrhfZLvq2w1FcPJ9iNgS50Ns85-QGGaNRRPQrn4ZaOo8OFQ9tCf5Q,Samikin,5168,1681701679723,562
165,9UkD87n-frGPZfzfZNxaVkoj2wNEtLoo9zMs8BDep7ku2ok,G1Ws1mfXpjHzF2bHLt3RPeNcTfONkxd6dRrtK14_aK0yyQ,fB9o2GhDb2GgHbrKPCIpyK674uRlNkCkfYxtbgHVqiDDlgObAI-ZRqwisCy_Mgv6PPh2Wv5V8JZCsg,TwTv KoKooPuffs,4294,1681712133755,626
166,UI4BWHQbKLSasVkTezPObicDpgo-7VcJqbvDfhzgNs3jArk,z3DumvP9-UxoqQiRYCZZ9yy7esS0Ryh9DK1_Va8UoVS8efo,vnVICpxtruHyjxzB0kt6-uxWBl2-4GHIsHv3o7tCXCliEjDIO3Ua7GRHeJGnRlhL_sLo4MPzwSxGmA,Sophist Sage,4568,1681683942000,595
167,wkWOOyF1jEsbizLtLvgjmWgplhJIHgBviJE_0CHJ2QNHOlKr,ObBuQm5_vaOfMgFaH_aKig-mutZK97p6jGAWyIDbU8i9rB2lHkkwvQ5z,M758HaKXw9v5pVoJu8Lsx_i40mPihsPSE8_kRQy7_psXawcOUzBKuH7SeCPMVVqHFgNtgmSUevw0bQ,100 yukino,1630,1681708403249,470
168,k0UNznIlpxJr-KmXHgAk_NUEH6oL0pgVdD8cH14z5GXya9U,RBkfsOyYjiRyHls_RV3XVGOLCKlsG00_8Nz_VK3JYi5AtUM,-6Kyr2lAZNaKPBFOJQ_jMAHfjjKFGfxSimrHkefsGbqE8lnDT8iO_pn09Iius3SBfcxzVPAQdKINIQ,Draven696969,4379,1681711421973,455
169,ZYWt14H1sFFxJMLQUvy8kRmduARJaE_WvegbSLHIfDt_HeI,MxnjjHiomgy6hF2cb6g7btbbdsDHYpPugK9vD6BuiNJabps,4qpv1-5ORaTnoSCNZyQ9f9pp7-lf-1Y_RHVSsUU9btKatSYEkeyf-PkkWt8AU4j_ziO-uGrMOfrFjw,Cylainius,5635,1681699832892,965
170,Q0bQJKrpsvWSdOAtHz2m0BwVQ8K97uKldjuZZumFL8IpsbA8,SzWlKLCaUsj48Zo6dWG-5znNolNbEeSaEcMshVJTGQzuY__6VUswCGun,CVi2anzhtWPbkyBSO2dH8WNBuHsLwJ5sl5eeOw6lRNH0STTyFNZkCgCh3sfdThTHhidNYN1GPLNi4A,5word,4021,1681604162000,122
171,cyJ6SYFnFkq1ci9rhO8l7zaKOsRQuKX9k1Ad5scUHgoXFEw,x6N5jGuBpWS2ud8v_lAZJjg8Wavh76j6FPdZtSUJiNGwWA,d2vfU-cSK_yyw2d3rQ6k907VnA0COLnckyRDl45_sRSLWDECKX0TbBHAG5Y8Mw06iFy2KSeiaji7xA,Winking,3839,1681699017720,624
172,LR9B3wSHLc0Vc34JluosGkdlQK4YE8i9LuvSichtIFX3xJI,phWI72fclbggMJf5dFEBMHcHo57xyr-YhF0ON639Qm34IOM,anoXWNeQZEO5d7KOF7t_msKqx1Ce9fYrJEuSAoQ4ngyni1bS6sGzTxwBgcV2u7xl4Yy4pqGWgoqMqg,da xi gua,5718,1681711283299,1385
173,EksSNplRX-oRgEfnzJGqqlI-kngHZNg107MMXdY_VM_vZcshEjSs8_nU5Q,h3FbnvOFQY2kP6RLLNV5h6aP85x5gc0G7jw46uSQRPf_m7UPnii74ldi,2pmVlfg-rgpwafASN4KcL1gwv7PEUbybkFRCfmxstMvnLToa8fWv2vT6_Ee-c6jD590XR2oQQ-FhcA,Music101,4302,1681724408994,73
174,fErliHtGsF4khwrkrZQ7DMyE_jsrkoDgbtY1ofF1pLdvqoO0,syPbg-HltQgV_eecD2s8iaL10Nbzk2Aq0HS1fO6EghLOBUL3XfEBs_2M,FP2e6TAcJ0Ps3aWwh1Vn9mKzShBMVLFF87jSPIRn8oX_UWjyEdkkh5l7AcdmuoX6478d5GEXkYTDMQ,fan hua da wang,7,1681071028000,120
175,qTpqUOmHjO63ycCS6C6bNRDV_UMJcH3ps7Wd7Wmt7OVCd8E,KSBE3SG5YnfACq4TQgvJ9sV3BYjsixl_5kmV83E6owmt0YI,3FJjjnzK8UhUo3wXwSAa2c1QnLivzQpnrJzHXPEV_rTKjrD6fCBAPlqZjQBkwkrlbeHDj4XQ262P4w,Lowest,4660,1681738735387,842
176,XddC4hlJys_rZsUGtmqeZWw596_5fFIf3HNt18julU37NNTakjiFm24_sA,ll_kD1QVRjB_G7TNRY8zixlAj7IfQOCqfAH_G0AuV89MaA8-n8ao6WcV,kB04e1dX9ykAwHUtbyU3r-mU8DunC_9F4MhkwJzqxe6dH9rBucsjSMO24wAB84TOwANDvkKOaLDLQA,再见,5751,1681696487991,117
177,mWr77VTfcfZ8Sc5uQ7JASvK4UBfp2vbrQg2Y_hON062PObPC,TQoKibFAYa6rPORyBoVsO7owfEkfuIeDqHqxKEtpV7OrOy_vjyU5Z5qn,43jWWA_8-U0sAkPm3TSkF-TzcliYLtZT4t_9P45BHoN1ioMKpiRueQzs_jKYAzAykuGYUQRUV5sglw,2BoneMcCuboneTTV,925,1681691010329,456
178,hexVPhH88Hp57xuFPYUdECp3T3nqC81L0mfrANzINYLXNmTKyBr691AwUA,qILMEWLONvBf41SKiinCqoAb8bu4D90bYKvU4FBKlfLFYppV_fdapIM4,-35PcqyQBf_RpH79tGgmmV1iP-_vl0ZwlsPGtSECjq08i2OWKV3PNc2rry2yT6kpAMhyV3ncvP12gg,TL Honda MaRin,29,1681737669000,67
179,0zmfY6SSRqdFwONdFtg7TBMxh01Yxgi6bbO1_m7LPowtWwg,Phrf7ZyRqDvIz4Ad3GfR2HZKI31N07nuPZTAv--E0sgm-A,lG2jbyRbSm1k637W6SvlkMc1XC9BCatdQTeUvhehYWPhufIThCjoREwviHznjI1Le15VL6Xt_KMXPw,RHINOOOOOOOOOOOO,4270,1681707402070,320
180,LtcsTvP4vlGpBaMMKZpPpjNape6fxbeBduDr_l_hTQ1g7BY,5G2ylTNhmW0Dh-YyiRla4nxImZjzXW9vei9Kkn9dmZVZxww,ze1_R8ZojEtxUyHwy_rHgf1GIibiFUgjKIvdHcQCpGRpZMeQ-COA2qwSvPj8gkvTwUh5oryY1wV-Jg,Redneck Pope555,28,1681266889000,103
181,CM5r39fJJCyTKVn3eemLWiWl8sS-_fi5_iwRXAYQfhk_6dgGZUbb0qkv3w,Jfw2bxpSEgO8iANxoBolnzwo_PuQHcBDrOwEcIZzjBAbpH30B6Z8DW6T,kEJ3KpMeDSLapeUuj_tP-87kAs9bnlK5l65eZV82aC-_xPgngEk3xU5Q1yosVn30q37yADfNxnyuQA,bot line,29,1681719278448,60
182,_ZDGksDUP4FJSI2vZ9yRa4pCBo8euiRWzAi6lEFVStG3VLA,w5dKO55Qqx6ft431hGuiUUgFO75oSmfAPpVLqYpj93GkWOg,lqIR8l66H7TzDv2fMVCGp2GJVbIFl4JwROJWgqpOGqBa95_cduy1pD_XTBYaIZ222qv7p_r9zdb0Eg,Y4ma,4030,1681738023112,381
183,gudlALB3EUYC3E8ilOa_SMVV_UB7b4jjQYlQu0UZSw9xsn-5yNAYGZghtQ,k7Zhjo8MfcJW6P3_ajL_Vmtam-NVVh7BSqd0UF7YGUR3Yc-CdovMxzVi,EfeVo5oA8lZLZd9h_sdCLVH2aqgxC9v4gSj541HAJMqJj_qJws9l3K5_12oNJ66-cvUiqjrU5ATDkA,5kid,29,1681009136000,86
184,VqfXriLpQmTbHIUiYAHAYmANB9VZI4ha1dCmC5bRbBFAlhntunt2lE8HoA,LyfyWZE-CrtncnFl0usv1cvDLRq9wUgZtvdjimw24FQ0FE6liDdm9Q-W,Q7GuxJ8tbF4JSMbDbcdp2qjBM-Wn2OkSm0Fzt5pBuiKdXHjC22GQX9KQglS9z5-QdAU_xZG0xHKzKw,jg line,29,1681685059911,47
185,OOpTKIjpDUeaLNZO_UO3rJtR4fEwwRQ0mn4LjR-rN-fD74k,FKk6V4cMtrlpEGMwk7zXE4d9VhXJDHShr13X8F8n4n929u0,6YxYz_FqjN9yDfMuCHd1aMmsljwLHhIWSrqDhP3trXYKzFlMTQTrNw2YJW0d8uJWiYfRQ4zF8VM-Ew,U R MOMLESS,5752,1681703624472,278
186,Ltv4qznF2zT_5ZkEC_yKcVbYPUviDRs0Q5kxaRvZY_e1guI,H2dSAUwun3Rmxbo75YFLjH7OdgQ7dEjixr385zA16JUuhsY,rBzDb-a-UfFxYY-1TWBPaXZ6v5Vzc_VJz9AxzlEfiMRrAx8JqNvM7ZN73yJg13Ku3IttoLWr44OkKA,TC porsche,1456,1681705204262,553
187,m2unN12wATnq6z1-RaSAtpDalCOEuNIGCBh3BErQEvzY4rw,CwXFcTm4YG-9ovzFPvFVlMaAkpXpQG2X1ttX-WtA8IhLDQ,N3PRx1RSWvwufzdL7lCAttzuSjG0dwkHhPiERaPfNKAnHCc4v_Hm8BY76KwCGAo3XxcGWLiDTroDjw,SANDBOX TEDDY,22,1681727472729,838
188,Pemn3xAI1kq6D9YOLOjYkVgulxCi_pzGLUCF7GhWe01LQh0,Con1i29f5qIg1bLvf20MlteTpioxgxRcihD7QHVLqblPrTk,UyZ3q3drk0A9qijxcwZKBLgkKTmudYCwI9QE1OwBS4uUrNp-UXy1McTeAwS8MwFqiORS8cA8BPJvDw,10April,4861,1681704496773,310
189,IhmbM4QlyINU4KoRMxz58GkAQIJsP5qfEUmEa1OCiIwB7Wo,XIRklRFLthoG48INgoaYYAgyQNTvnd26YmimIeycAd3pt3E,oqYDBVv-jTAPlc_PSJusukWztZhClPc2DZLIu0q5a7FD6UcOHkTnHuWgTaab81RjiBHRC78Khgf6Fg,Cupic,5750,1681710903730,385
190,CbTzzNHmYqARQpIbA_8WPmV7zGxbQMz8LnScKWeuhUFn05Q,NXtL8rY5ysFJ-HHKxNvoOd5rJwxss9-ItO3fOn5w5c12xA,8M-knNS8VvDXA4IB0D-32LHl3bnzz9jk19sEj-F0VqzQHZi01qLNABtiZXFRk6HZAwcncqTGxrGlaQ,Brother Gwang,4368,1681686132124,239
191,GV0wt1sf8RmXVlkAQNJUqVLzER3kjbmNJjNXmXzafg3JLPI,sIIDUPu_f_GLJg5eDq0Rfmt6le1Q4s3LyyxLKW9CPIU1AlE,R5t0lC50p2jlTnWzlhHGFQjAUFAX2JvjD9exldBgBq-3XYhmXiQHT9rhi25mwl7pZ6gKxs8Ln3ypGg,dog kachu,5737,1681503188000,897
192,8ISmisMiyhi6CgqcUTQsVLpRY239k5GpSVWI6lLd37QH13c,8s_8ZwBQ-nSOK811v38Jega6rcHL1vNjhatr06pkyrEN-EY,kAq1fhFg9xIKrKfh2bIKS0JMSBr2Gx80t3vpTCGVs7LjgUEdZLOHsymYm90HAP4_aC6_adpCHafnNg,Hub1012345,5168,1681713130765,579
193,1z808QdqRsl9HHw6n68eVURrXscXguBYTZGAG7VI0dAhvMo,WB_GsRQsafU4Ux54jMsEuBY-s7QudwIDq-6TWkM7VWFtZZA,nOvaiq-0-5mS-rQ_XyMi44kdE2TB9yTlzak4wHKFsPIKaHMcUzwmj5lShinBoHcudjRCekz8m0MDRA,kayn enjoyer,5719,1681116295000,484
194,7up7z-93yc9U_ZrFhV_YyVNj34jCzvatPd9VOE3Zcn4BzAE,QU4pxHn77-LhCRxK5EXOLwsP024iE4t-M7KHiTNcx7HkieQ,gQYgJ_pwyuUeIfdn9C3_zuN_0GvcnYLw1OPgB5YSFUa3tZYb_f56NdQ1dlfl18M2YSCCssPKIYlGUA,Grimmsters,5645,1681704071607,417
195,8IxfMSZukbdZJ-mJ8afgsYvjHrQXgAxTnMzUQCONfA8hlrEk,CiGaTprKjTcKQr7HFFXlpZ73bzOeiM352j69RYrffM-rb4WgZ13TljQK,axhRRPJQ4ky7SEEASHT8K8PFC8DD9bzHFYKJlp4QbGQx8EOQY9DC-pQoYbrcHTqlVqaAyOZFvU4MZQ,Kral Luger,7,1681534655000,159
196,NGJQ8pvFKLi3K0ybEzQ-bzO8RhiYfwj-7bKi9rOouGQClNU5-ceR60qdpA,dVXEGSaaGjedE4ifIRv21s8pYfl5NLUdGxXXuMcR1hTerXNBw2jvB03B,ooLsNo-2xg2p-8ZEhNcGpFDVcAsxYZ910S6JhjMv9_QlkKhUJlkMBLIturHzLHa2J0EGaRIFSj95_g,Blaster3,4793,1681617065000,122
197,sRAKPedYS0cDDqgBGqntkxxvFVBDy_mVpfEOKfTIG03x138SpsZoUzLoRw,vV2ITSbtkz5KaHqudABFm8j65pGXCdo8SEt_x-KvfprBclVm1ssDle4n,MIWth5fANzxAF8ocV6Bc4jyxg3a1gpLJbaxQ3Sh_hiEVvhoRg7WO3snbtWJNCAb-c0Zqn1_QYMy14Q,EDG 1eave,3150,1681713409228,86
198,NMoPJbxBTtv7YCsHJzd7t5JjrEhpHG10xampBJ39Ck_kZtOv7k-ee4MQKA,hFmpnn6B35Fs6apOCB3phg3DP-9zlh6rdbNrlzHflsMiK1lhRQac96G3,KFsI6g2q2ux9EiPycaMX0El7y4QEewuKcipGl2azTTQKyv4GcHFRESWp25FckPWw98ABC_4lQLdqUw,tomoe9,1160,1681664887690,53
199,WraxIltCB1F7JkeGVfuPsL4u0iOn1msIwZbK3lVQsoopg9o,PkNmJ_uQfgmWZ6-7dpuzPqiacZGTQ9wo8SsxgNweyWuod0A,Dx5rBm1zIYCEFhPAMJeoTBJo7OqMPPkwb6yzgnLeC4-cinVDUMQl0sgSY6Xk4sDjeEBehqEhzvLZ9g,Zyko,1667,1681675917033,625
200,zSoH7ZWQJ02lIrY4P4WcdLkylJy0meVqNawB2E6hGe8lStgC3T0ioOfryg,BrCC7i17TikoTej7u-ceulmLqureTtC5NprWWODOnXMawLcK0CIQbMmZ,tPV7LOTzROIlnG-LdeNmLqNCpOOj7cEivBkGLh919tfJxPFVgJ5k9MIOJ6FuLgrIEbPjUy_4mPvSCQ,6K Meaning,23,1680931172000,55
201,uN3EN73RdDcvssvsp8xLhb84S2slWzlw1rm_K3WZZC5Un30,XMSVpsS-UGoMHf65pPXJqRkGzCkn1prw3pIH_tf7LQpN_uM,_JjwweRBmhxwwUzyCJ7GSW-tm3b_jOmCtqyJQihytsufH5y3QKYImkYG8ihZUNOhl21HB7AF4w4eRA,Neøø,6,1681628073000,838
202,FRROKTOYLDQOsyp3AmE3N2FLSJDElfQ7YZ0uocqtFmJEb43vaN0PpOnxEg,Zvrx65Ng7JP5731eYvqMhckCzRSX1lCvBC2WHfhshJsDvGwJp-BZzfH0,QTL7rDkgN7ebPf6URK2vL1ogQxi4oI6fVzlQZazzeDnQhU2_PpRRwR58Qwv9juO3dv-HL8IOu2FVug,100T C1oser,7,1681439684000,56
203,vkWUeEpGyJ1WFp3SP3ntKXUfaTr-yYp1VG-tpgJ7DPsW9qk,JJP-0PRBEJq5N3uIcXVnfn8qLv6L7uToeuey-cfWpd7b-g,LDL4wzfmfkxf3Em4rcGBJgi9MNhgqDxuwUKDnhq1yFg5DE88tKhhtcZc0iZs01572Xr8XA0Xf5B-1Q,YoojungHukiriLee,588,1681363576000,562
204,5dyiI6GtUhT3ECM90gDmboz6raCzoh4Q2TKknLTqfxBVkbI,13rgWKwlXRpCN0tXlG9EVlOPoZ6luIFiq_do9UCsxHm2KA,TYC4ZY5AKsl28EhgieyzpX7eYPwScR2Z_4myCvwuDpkrNsnxceXAs5FgKBfINRAL_hwI4r19BS4Xkw,Cosboat,3591,1681715001794,194
205,HLXZiKz4zHAUy51tSQwt0ZHGbrwisccOcJPs9V2AfOatgq3OUagMq5EpjQ,LGppIyuiQQTaHFlpNVwTvBU2PbEuh7g7p0py8pdZqLnYw2-_vx8OWCNx,ccfaikfdFjySY-NpkMu1hUxA_rO2M5iYSL4Tcva60COM_B5d8Smwn0ANowiesAwU6lcwKHqYVS6qww,Zhanshen1,29,1680907546000,42
206,roZL0juUXTyqhuGzKyCRWYwEHq2fAT5DMXC7I46uFuX9vt4,Vf3tZw9rg1mBcdredpAFwe9zXxFOipUzQadDYtrime4Ougw,c24Gf4fncu-GfjZ0JYGElhFRBQbsUq5WuwmV-9NJeE6IRfGVe_HW83jK8_lGDCwHFnyedLs1sKuPvA,Sushee,3459,1681695936597,863
207,6SWje2Lm34h98T3ZI1VHfmp0KWr9RjWOx4YaZmLj_Ri91w7aMfbNSoJOPw,mvoI4Bokfl6jTYFb_tC975Z5JYb5LAphPjMNjDv-GdwJJBEVZMW6yCmp,ybnEMIgPVZx8x9uP5vUm0OYiJ-lqyi_aY2hMyL6d1Y_dunV-pcKzu_CBvkH6Y55ZB8RE0IpAZlxMsw,Dialecte,6,1680850150000,73
208,H072MrxTt7kwIfi9p1-p-lpRRuPBWxe5_6HJAsoGg_6BYOU,PcyweT7697S6qbNPJ85N4ok2sr5AwwWWISKuhVwtKAFhCA,QzU_LrQVHJ0t0XYmwgn-2CCMuAxgTB1G9adH-AXVwYUSfhfF1hQxtq-S1GR1x6zFGqxlJpB7lrUiJQ,Victør,5168,1681692651761,854
209,mRzdOFJHMg0Ed71G1Hnnbz6qbhCWEawemBN1uiPjeUkWks5kRX_Hqx18QA,SQLOPWIay-GcJv2zji7_ZNlVg5h09-U9XCpDGL42ICYB5f4rYhGxgPSG,q3BJSFgM6tnlHUsUFWlCDAMi23C9nfj1td-_cTUU_XuVkfDj9oJPusqyANFkfdDhv4SHV_s_Q5mw_A,Inoriboob,5745,1681700978718,366
210,aUBLXRp4H7EfM8E_TygET8Q2jZ7yKNAxCXdiOuVLsSVgQPc,brpELhV0yoKM3GvrbpQ6WbP3YrIu-eSvVr9i8R0YX3fJ_w,o0OtZCQyLkrrJCIrSmZkjsS9YIBaG72mnjQ_vFukOg3yqmutBpYLc9yAqW6Wca_XRgGh2ogBus95Wg,Getbáck,4068,1681679479575,570
211,HxQQsNeOQfW5LzGFwGyzUth8qZJeCTe47IQB2O8UV4hwZ5Y,FDubsX0TJrxW7ne9qJBTprEXHF6XwQWTOTuwtWFOqkOfWbc,3j-n-lveaGIIgiQap6nVFdNqGSOw1b3LTpyvuTJeK25V8U8llFFPVlcDwTLdUuQeSb5zmhVNpXac4w,Breezyyy,5542,1681710528903,919
212,WIjwlGTQru8gHB0QgOfls7zczG5LUTjuit0E8xdi3H1WElfE,gmk385Did-h2r1GT_-VXfpias0RMIGM0kxwPbrbDdoLKK1kDzr4oaFaN,1xMKs1j9SLCfORUOWHvHJHoHp2ehlhDpAvrJvXfXVONtcMxzGyF8c0hd3Rkn-QC2LFFLy9xVIChv1w,posnet,22,1681529694000,78
213,gcNgRuo47ih1QOGP5faYYqiL0lQByZyRq2m-rldYi878Tus,6lAvbG5BoPKUzBDMJ7J2QkhrZaRk_KrAUEuntD4_8MjZzM4,QLVPH3SaK8ohbRffnnvLv0Y-nupiAqnEOVE8P8kEFjAinjtHtNXTmfQ8m9WSa0mVYlC6nzabIgRtAw,Sapfiros,25,1681692161243,759
214,4WdvRs002kgR2l8IWWhUox99fmujRTz1lNRU-v7x0rN-mEY,YszPTerJEx69qHybJhzB-AKhcD2v0ZX5rgOtnu-HyPU71UA,tLAhz7836xNgc7a__YdutuAeeb8YWxDLWA7ntm_gw7xVCh_wVd_9ZlN-upFBTSaerUgo-iI0Y3Jaew,DãnDãn,5720,1681723958628,696
215,FTSmjcNfARi6gZWlvsHCfTyABuDmu5XoIsxuT5zMuV0RmTs,3V4_V8wRnoAJOSxY2vV9dkLcYuyry4coTnJtQ8Egyoe4q78,6f37Jas5LHX_EpoYj-BRbYMtRS_7bmNwlzH727gNCUe_0XpQWKOY7csCm6QN5XHBxCpB7XVkEsfJow,ScaryJ3rry,746,1681706579010,517
216,uGbaclQgc6PXUoO_9V2jf4C2SvBXWUdXAHI0m7GesZWPho6-,Ofqr16alPmAJOvJMAphDfUc3wy6OTKSCMca0movpihBD8rOzft6rjDJU,iJ4iwuFSf5S2eGFuks9D173edbsAQ6LbEhWp7rg__cqHLpZVam9NQyhmkOonojkYC5-07AjLShucXg,Blue Stahli,5723,1681683765036,496
217,XuxNPyCQD5ToHv0iVeX8bzgUr0SYKW6fhKPQ269O8ei79UPVEBE6EZ2G7g,ku1D6jG8Y3rccLX2Chkq2KLRQJwEBI2-htNN9GVGWiANhL5sZ_hV7MLx,Oz0Z-d2zcZdkhye2pnShsd5_cPRYkc_f1LbsbndcoPMEUbiz6MBoDVtYvNer_6XezP1QEVzHdSiq1A,skétch,3542,1681634133000,113
218,4RgS4njCxgoQ0ZgcF7TeLiJqSurxJYN053tqXmgcozvvDAk,8dAVtvzZh-VS0aA-6WOI5058lAYc3kyPMkEutZ9lbqCTNzI,RQXIKu5o9O3NJ2aMPcxtehgG6kCeJnP4FtR7Kv_Vz1hjflq2rWbg8Ss59Y0EJEl__1bvJ7hrh8tppQ,pizzaman007,5585,1681707775967,346
219,WaHMgtB7YHB9RItp06R6SE0tX4yIF-AhC8SoPZW3yTe76HIwp5DMknnm8Q,cq8isZrM40RMluOac2wDOa0Hy-sK0368OXWDKvGQVHuckKtqtuk9TxUC,x3YJq3AX7lReh83IuvMKbMMjP9vNtndX3_t0hlAKL2tg7OxxYGtSvdxjuzQt-UTwib40xQJWD-w4Yg,serxtxnin,7,1681166018000,68
220,dphLIJc3tVWmsFsrq6349MVUml08XwPvS5Qo5XLUEqTtz45HVNVGcSTu2Q,-FfbVdNkmKeS8QO0qlo5WQl-PQ-qZFT0ly9BocO1cnrABbWsRMmT4yQv,MqrXCdco2sf4C2p7Tae3D1gdTwApV4nwWlcq5MNgiSV4PIkexNQKfg0Zck46LPgogEsaAYlRohbf4Q,øne twenty twø,5530,1681733614517,98
221,PrPHvx1cPHuYglQ50diaXoMbG2m8i5LkpaxGKUeaNSyL3N7B6-qbr1fMSQ,CSTeHR_IJ8yLXxIIEPtGA20bNc0-KUiKVkau8x2r-B__TcttKMvgDVu5,5c5-OnKJfI-ELnomElrmxKjJ9VaKwqNUdF-XlSDd3vRFu9mMcSD9XjdH_1vTmT__bNG1EouJ5V1g2g,sigyetaeyeob,23,1681715771325,209
222,dziHyLlRvA68QoXYlDG835PueUPHpZfmgSb1HeDhr6e9lbZPDYzK2-bwEw,onyr4URGKynlR-D82h6hr4FM1BH6k_HooIP4XK18EVX7ftpVQWlE7_Cw,mo7iYZFQU3IgDyUFezn-hZ4JEpxosjBcaRa-cJtSf_LlK_2nMN7rbkxWzybGikWt12rdQfyNvLDyiQ,Biggest Glazer,4896,1681699472314,89
223,hF5Yz9pvSvCQjHbFupUJ__39aDfI3ZsmOXpLSxKrgiQE6T4,oZeNssvF8Hpi6owC3MPJ1HwU7REC1sgJ_uAyQwnRyp1MqGg,CZPTyFoFwq489SN0B5I8Mcgm25Wqlp8dEGpnpOp2LxPIjwqjso-5klnRz1SuQ9-bAWOsWuBKlGboZA,Y U MOMLESS,5752,1681429202000,416
224,foB3YwazMN3JPYOA1CGJWd1kboIs0UZgXpJWUt1lu9oUpWg,uMittxS2nkLZpcBL1MkMz_PEhWrZ0BG8FSraFCmQC8CnQmI,to6Gduw7z3PzUEeMW4Yz6Rl3AS0QS4uhkWsHXgi4qYDrv8pE6J6PREetOJrkjdlmz36Q_lGAh55qZA,DouyinTonyTop,23,1681525865000,419
225,59aqaBwxiCTvZfCYf9oKJah_R3KhZy8FdTuHE784BhOFdnM,n6Ygsp-nf8RkOQwWMsR_jfq2ls5hfU9d8TgVthvu0hgLGFk,vmFxKQD2KkVRboSRFZMKlykGIBUbzH8KswjZVBOKSmHwPcOkE8HzBbQHykFyHt7JJYazatSUkahHVw,Cotogod,5675,1681703745806,675
226,ttQDxQQZGFAhA3FPZOyQh2Gvj6uFlXpDGTH9dLW0iH_y8nZUrieO63x9BQ,EhdyyCh7Kibq8ma4JTL0St_A-gXe9_-k7727skzvs3k70Z1hXRqhvyts,2S-k-vw3BLkGnlT3a11D-nN-b3STPxWWwtGu6nMM9xzx3Swkhdhh3j3wBbqCdNTkMzMb7LwWqIOfPQ,xiao fei ya,5184,1681736646638,356
227,bkeqPGqlmZ8pwEghhCkp4hiPQt7w3Lobfw26qg-CWXKp4rY,dnMqRlEFB66V_d0-RkhL1s8eeZSJ6FZocuwUpgAMFGgJUvo,OozzZGDSy44OBwERfvdQByIXwemKFLxsXWckKmQY_i8WrwB75vlfJnwV94rhFgEmMKt6m1pcMBnAUQ,DARE Liam Hodson,4653,1681597026000,237
228,b2s2UVSU4tfsHicUFelATxLggH_TDU8nN-zSU7f8VLHFZfI,Gcm39U70NucDyNc3dct-cLDqx54Wp19SyUd-kp5GGmWDUw,jH0bsiqzrzaFyKUjcLK7VbyQFkZTvQRNagyWXKZqQECYB1e8F-bcdXYF1dyyHjHzTtjXLoQMj_wUUQ,Test ADC 10,7,1681611762000,389
229,RqQ0Mz0oyGdpSbn1bYaiAnif9XxWym8c2PWZ3ULSedKjcbzBRF78o3nOeQ,S0D5vm5hSzzJPxo39VlRg8ggXmqlHO1S3ZYmYMPa38KYsF7mfdhlcFtL,ebAmh8xVRtfWLw7wmZ7m1PRCjJI0zs9k9wHkJ7x4ylwoYxo1HfkQj5-rW8jj_W60iGr8jEoLOpPA6g,Chaye,5448,1681736913948,203
230,hQiTWlGKiy1DozFavA83bVlJW5Lb8r8H4WyP2QjqSGHnFLoL,8Or6z9D_ZBggd27pz1BjssbctRDZ1F0iCwQnpMEk_dul5TTTHAqJWxFf,efzTbwExhOMi5QRGxr0RJb0NiMP3iEOHFUd_T7VAbx9rbLsfV9NAfmhAGLlwdflm1uDVqNNA1mE94g,sup line,23,1681327859000,311
231,maK66_LC4rqwWRwYC3zhr6AMliiJqm-I5o585fZrSYVdyjo,vubA9UboqNQPSKenDTmng6A79L9X23A7cG-3fcPrlgUZBds,ctO1g4xjfICzZN6_ihfktOJCFZDHUPJvU5QJuPhL600RHnsTB5qZn4WrLzadQvnRhManMDGuEFhjTQ,Shogolol,660,1681538701000,194
232,H-k8EgFArs5Tz0eIYtOkFEs-Co5bq3Zp_oDYHc_FQNoxi-Q,SPuJ2jz92yDP6nSXwxP7JV5ENeO5vj6_pyEvqwIjIVY7TD0,SCajhhIps3WEZ1KDGf8lBJvlFTXiMNuw50KiIAxDcLyvLH_ath45oWmccYwk3kiz5s0rgI-js2VsXw,Puppeh,5255,1681732449453,451
233,7ZmKl4q3xxg1AtWXl6DPtNV-81y_ADbyqlHAk_ijB46M6Gg,Ud3ocnXKQnOH5NOyMlNI5yRnmRjy5xVGI0THi8KaCnMNhw,NUN-xhbl8djAhCFDqPIIJV0eTYfazJaDxZpNW4YENudTfRLoZ3W72hgBZ5n8HW18WBybZqFuUoeulw,Satoshi,4559,1681710112000,241
234,PBiVecD2qIOinoYeg2jgRU8VHZetAWvICcrKz8E2RR59BdVtVuvr2OzzyQ,y33279OvldJTpKn51GTo5xVnxchfuxj7Pv99mf5JBqFdfuExqEKBqwXv,Wf-1kr97YJWd_hRPzHU6Rd4fXY0-XTIMWjVHcrf9PTUsn13V1KMAEjv3_cq6SoqFfSiCo8wzq2zr3g,NeverHitSnooze,20,1681693845078,75
235,iMpM_C9kkS8mjq1_nO_V9AHsL29tav9IYBgcmYtR81fPCjU,BuO08_Gbnz5sjIVSSock2I8eEQAhYxXMMLcKocErocSKvvw,HOo_xOPtTb7-y_3lIhxHMDVm1lHSuY-yJHo5m-3ARmbIfvMuVrmlUcrkd7FSnd9sSOiW0DgYhvol1Q,Eclreo,4034,1681710832000,423
236,yWPZO_7NaGDdcOw6joxnnztJL_6V72kFB3rPv40Ird7lctkq,xj_EqMPHJEnG2XAZ5mKSLJaIyllxX6jN-FgLSXnV3VFCzoKL95rve8te,TWlygIjfw_y6-s50GMOavfY_YwIDZQ0mgwFCXCPxTViLX7yfOOFCM5Mx0XMxY5oZjOfzCURBPv3fkQ,IllllIIIIllllIIl,5728,1681705435371,331
237,_0hpccjdWbX07lq_OwdVp0detmFdyYvluGH7fsS3jNOMtVNbMFBgLIMTiw,_usdrF1K4DxjzXYWg0IJzZuLlZoxVJowQilsjKeyz27FzMT-rEUs3HGu,UDkEEDg5lIEEtpyu7VCITlUNyGb15FaClvDei8D5qrq3yveufS_Wlx8wh_TkL2tdvf3bPJD5R4BQ3Q,boy meets girl,3,1681696824091,86
238,UeiHigKN8WihLckhfXJWV622WDCjSCShb4ftcKSTLYyOWJM,nK8vpySInbjvR1shd1JNCmsoUjbj5fENzM5kZ7Lo32WgvA,lqotONOfJwaZCojE0Vnb5_iXEA5EzJeWhOa3EiTtMdjzx9ztfJy3qLEAsZUq1KxNbQo7zlKb29RmoA,48YDEq84Yg,5711,1681717947336,780
239,3fyTWzEXQjAkHinGZPLqSLYUjaNeJD8nMGgZ2JW7SP02e1o,B-I_MFFIQBQSYl6tb5JE4DMFwchXv3U8IT4fy2cg46WoU2o,79dYO0xHwRxGR5itL8a1ynWz2BjwgaiUaPPgruLWe6iiorS7C9cRDNgoGAaOfzlhyChaoKwiwncsnw,SageWabe,2076,1681702202159,642
240,zKQ-ynqx9mlCoM_WVQQ3FLm-tUMJRo2zM4Mp4DiEvy8F8SM,-KpI1vA1y_ggZJ6Wqr9YCUIqIJ_N426Od63Vd0b6K6f_ZA,LC59zMb8OcwIv8eqfID9GSha08aFc48SNR-uM8OhvenDCbYUR_OUcuJZpydyzrpekcH0A61EytN20Q,BL0WJ0BPRINCESS,582,1681168772000,355
241,uAwXUtiIYpeFl5cd5b8xNuF2nGNEne9914XkDRsIFUDjz_k,i1jg5RhZLx_zNQl7NyP1z-SoAj2MPnKGdA-wAv0QlohQfA,eMd0R96EXr99mr8tHEKQEmtYpAOWgFcWLcdLct1dN1qetmLbPdK7-9IK8Nb7Peaqcp4tsLC-mi9AbQ,Mobility3,4882,1681700720892,443
242,SapAX99iYJOwcufJv1D7rm9fPm66khXUGfSV2VewFFtxw_f_EHH0w4ntlA,lqieZxBmRBjmHaAjRuMKi-3_VUeus-hoCOVjt5JxdzjoZRSrhnYfFfUq,lbIo-ANYI0ffNmyp89u3SHur0XEuoGwySynYYzqAtMnyRijgwa7jFTLY4MBjfFWWEi7FQ3jteeEJow,readysetgo1,29,1681703745806,81
243,p8RXYfX3UMhp2D5KqHHjukfXXWuKzxlkxxNEPVmFnEEFW5A,SPKZUO_AG4to5z2_ng154Jd4ADcs9ZIs5j2ZscEZ4xXK89orpD9xuuFA,9q4NG-_26ztXGqBWfjKmGy37bUJIhVbC_kZsPCcJeQHfdEsuGJLsmsfm62uI7see6bKwGsPisZd4ig,Mr Bluehat,3797,1681572271000,329
244,TIL1lwruLtDpa8og2JTb1DnuKCktFq6IBuKxBeXob2QOPGg,28PpQP_b0c610KLOmCC5g7KVYswIjpm88z1rClRm4J4IGQ,q6BNQDMCKsaNB_qlJ-x6xXZUta1Xo64eKRTQKDFWfqRvAy1NQQHXmD2xPZXhWEuxFB2B14zo_jnT4w,Copý,4781,1681263726000,262
245,MLiX5XNSNl_QxGlFxh7kB-SawLsA1xAobyEFwD12AdhwyakYa6DukTRTyQ,rVIv_OxCLLOt6lpWzGG-06l-w9SNCLypdptdxHHkIPmbm-CN2XX34OH1,0SMo_OvC3myaoRed6dH8qKgkxouQI42k1JwTJLQ6Q4WvEs-tqqoZza5dDNWxVidoo3G6rkALvanzvA,ACKÈRMAN,4928,1680934747000,195
246,YihEDFt-dFo8B0DzeaKXBOldU4aaP5k8TzWDsYfJL654CbQ,LYR6aAwDjBaB0T2dnURFAOhU3hfwCovKqipRO0a6U_CI7w,mBUSQ80OXw7YPhbMsIowl1wwpQV6QaZSip4VWAPRmXTuCK4K-pRA3MZLehrADcFbAt4dx63zji5QJQ,Feather Daddy,5732,1681719556128,960
247,U-cL1JuIe9tob9TfREAFovsp4YsnMICfDWDOm6JGhznczwOfaH69DEXLzA,iz3FLlM4FEEIA0rU1P81xncb0YbVLze226fMjOp5pq1gftYEh-ag0NjN,wt0XJYEid_6VkRKAfRWPLQXYTtCuKnlllvcEqGiToSbvGlJvg9FC5dqyy7zTykvNZ67QjqE8eHrxKw,CU Ego,19,1681686935824,87
248,wvhuDnI19znxmvkQGYM5bR8IrRzhqIQB3ITe7fw9f1Z8q38,dwzqHMf0J_GPkyNE3YjVV8ITl4jbp4oioYDKVwqLe0w0DjNPHfF3NQ16,AkvSWoqLG0DSi8nUDRd7ogFjutUwfkqsCYco7dnJ73y3uOEsNglliJm96wlZxATelLz2QBmBLgRrIg,animalcrossing42,4073,1681679567836,264
249,-XLxSpzm7CRSH7stMxynZ6d1QxcoJ0a7d73091E5aIFEECA,xu3PMyIrNujy30UiayX1xMX1ZoXmUpGjajSDToigOPTQ_JE,QGvWJSoXg_wJtEQBUFbSmW4Qe9FY5RmdV-X0GChpIJ2p0pE9C75EqVQWcdgsZRCcv53E-2Z6ls0M-g,Dìesel,4568,1681408960000,788
250,aZFZj0y0kzOiwfwKxFM5OyiRa6Q1ip2oQ2ahETRYGAK-IwQ,qEUUcACW0PsPMGyqNRCAY3MISQQEiL4FkM8glYNduhHXI8cVqvGcYFhF,cKaAHGmBRPeXkIkPWWlWIkMJCWDeWRvEnPg7xuNM4dBugS_OfDtQyaR0CSETiu_vRJQ-MPxcrxGGPw,alanna,5726,1681261760000,806
251,2htY_uN3TTJF2EFAEPrMRRH3ptYi1sZJGH-WTe-1XcC7Erg,a-trFSFmccgkNFS4WG_1c24wS6KbxmdXEnhfDVodGkKIWQ,YGNqOG0E_vimkbvxfLtfvl8CtWPH1dHHhhD3V5pVadnHR_C1LOy6lqwH5KVtzFLDAg8ZINfW3V-krg,Ylone,576,1681696980231,314
252,A6Ynh2UpnPwhz5hSKBr90zWXnZ3TbVyocKoQCGa_5YRqPl4,qMSCKXGr2_HbNxL2SEoT4k-fLkkuF7ZA5lM2dKpmIOrz8Wg,5OorOuWRKvzjgK4wqUvzuIwSBSMVnftcIHNbzDEV93V2b49YIbrIeWcKS8dkPWSznfkEHcSFiA1TNQ,다이아몬드,1456,1681638057000,149
253,2xJgosC0b6-vCSWfcR4kGxoHMr8EZ1WxA_avk726P9Do-R3USI6JBi-QIA,Fa1oJYGmEzigv236uQGwvngaeK6pzW0S1AF3CoaO4yGm3r8FEoDysMUr,XqhbkEs-qQo4e5eHf30nrBcrqWHHRoxvWKRa7N0MiORbMDFTZWKtrls_1kSYK3qpVPjZhfyDszN5sQ,TOP 07,7,1681628306000,122
254,80LdCdkymHZ9T5lNxJzx_bQAYFj1pWfgeHLIQGb-0Q2kYMI,gJLZ7p4Y-As4rm5_WLFNx9bsHR9VXs9vFH4T3oDZj-sWyA,kyxoAFG6eALczEEfkXBUVhyFElS6RJ0-oimLBnl3JIt_2yBcSe-QdAY42eRHtGDOUUriNO03X9elug,AD9723,5131,1681348436000,450
255,VLR-SRM-IuytGQnCxCjvG_rlH9i9UNI6Nc8eBZpmPA_iPo0,fMy8RlJuOlWVwl4ZdtbNdxxv8VymCXMLIUmzsEcD5oAdWA,AehE9NRjLr86Sy1zmeDy943FF4O_CXDr-DLkX9hu3_i2AKzuerzQ3zwJivE2LYsDsvxWhXa64MaSjQ,Qitong,4568,1681715293575,634
256,cayojPwX8ZFpBPCr-lx1C6gsdggzc_0ndNGV87hCngak6_8d,JbqMfWkmHFFGJJnFvTup8_8MD5aswnAUG6Xu6B-pa-1RB-E5zBvZZWjE,OKSgqamrglwtONI4w_EKfMD3IDSiE8nVE2oPNfLha_u6TgfR3Or3smcazmb2bMfurFzi_K3tKgKb7g,Sołitaire,5731,1681371682000,846
257,g0I6OnxhpS-xfSdb88X66nL6WjHzUK5VkHPnIdn_l2hEl1E,WRf8uzgQY-kLqjgNT6qMgpgoup3F4LGRcIOsdQ6NRaFFb2U,QRpzqHIUV6o51snvyPJlhcT9L80rhJoswQjOOSrEu1hiRtyUxf5HPPZiuKGUv43H0lMsWVjOCzBImg,Matty,588,1681702942268,623
258,iuOElENDK38VQXtaK9Dl6tK7MmFXIsfjkkfEbUJkliJO_Vvj3hamoT3ieg,i_i0NKT0kL46EiF_-mY8JrTccYTK5Gg6k5Hdmd00Vqu9lSfE-g0ZJ_ys,oXWaJ7rUlJ6fkYf6aw6KTjEQIbA3KSg7YVYl1Tcyzc6iTYy3-JVmnlwjdYZpYPZNQw7MOG6exE8NAg,Antìhero,5736,1681616805000,96
259,kdAA8NnclBi1O-drUBZUYo8kjWErOzm96Uaw_hdBTGoK7xJPeirDjkfkyA,bUWZoMgrhI0n8iFZXgvckfU2E0zS5ZLGIf8MIJ2cIPTy6tXRiLzU2ByU,njDB2HJs3tm3LzcSLWHsWLlnV8cJTz4EBs4uUXD7STE9lfOTKC8v0pS7x3IaTGgneemBb_Xoa5gjog,Girlfriend Buff,5167,1681658051916,155
260,AG_I14TBd0FyUYbIVk68oiCNG_DA_VfSIMfyI6boDySXAN0,ktQvQzD8fWAMHoUMcEIZY4npSMKwBvSC5jPduAICqDZ0NcQ,eaNq1iDjzn2XiVoVuxINQkIOxwU1HTYB6Olzor7-II5u1nGDJE1uFzWlWyUbDMXGHJh0sIrnTjRLHA,Zelt,3150,1681345663000,280
261,1zjPzh3dv3lQ12WVR6PkdWh3-USJN2FQxz5-5EgirYoY0ziu-5dTjQ74KQ,s7bPuI9foorYEIL-f3BjD-lbDw7oQoq6YmOOnwe6FMK6eZUpxgGb0EuJ,c1WCPFo94KgtILfC8H5mgNez2DywGw1yrVm0W8MAEC0G5IjL-wMj6a6SfaocJ7e0uh8RDf7-Yt_0Wg,horderrr,4896,1681490371000,73
262,1u6pM5I5zzRb-quW_5jGKiDBWb5XBhozvGXYZ6GUj2J-n-4,4J9zaM0xukzaPln6S6MGtqtrMVxvp5s4h7cwXRx8Nc-A58s,sFOnlkECUeqYq1IfKebS3gWhAjINguPfCb9VbYhimd7oJu3cuVUlCNfvrfnPAe1Vpg1At3bzx4jLOQ,Berik,591,1681725954350,586
263,d0tGEDw7xFNRrFu1k_kw_GwgxOitMvc0aGsZ5VHfIF1Ungy-,OLWIhfauZC0jyHLvtIb7d4HOMMxswOaLXB1WQQsLygJqFy2Q-8cvUElB,dDgp8hLF63yHn4ERJM1Kc995da8XFH9ydQcmTVp3Np8z31ZcDKJxMs8-sovxNXh0-be2vYV6bUD_Pg,OddOrange,682,1681707775967,430
264,6PU9N2Zg3VdAt44dWH3oxPg93kn7Yl1UudC6plvfJjsxyPU,wH6S9KKyYH27uYZeNdhqXOsGNHsWxWa_2t9LnpZBBqwYouw,dnmDXEhv5nDIFiuvOwoby9mFqVcXrjrppO96Johv62Ixanhw-8amc7Zuzb9yLsy5n4102Ex7jNH8Vw,peter D griffin,5411,1681678778522,833
265,Bpo26rFiO_PcSbDEiGfT2lpXhzLVAZLSkb1VyFWWXYQr6JAPPJbXZwqFng,cFVXTNKQpdTS5xh6soN9z3uv1logXLnMSXjPW6Z4CT4U7P2U0LIM3JQ4,rd_6IC_Hz2hb1q94tTPrS1nqdPqS23Bu44thtkESPDpRw2nhaAWhbKiLtn9ajwfVEQ4YZJCaJWL_Pw,predictable XD,665,1681701772102,52
266,Nhm2dzwJHa6D2RfN6wishQ6Qhvws2XcgzQ8iqDRt3PsgwnZrRCYm7cuhIw,3jMDNbP2UpToz-AUJJiQ9e4qoJYkWgoAUPrVpmX9QstybJmNVIFt1sOh,ElDwHoHvcQzbk1Q4RCIAs4hOp_TrPR8qufu5elRPhd39-lC21l2y676WHswbevTwMYx5BfLFfrzFBQ,100 Sniper ,7,1681686132124,101
267,WRUWPuOaNlkyporuuTALZZv9qQlM6Yrh3tkLylJOVhykZB0,bcDsy8oE9K6R6PF3FJZRGvW8tN9T9Wc_uVt83xW07rvlLKc,NAo6NbjTXnAElw8He9y8AWIi7QPgkWbZ5nzoKZ-4IjbwSFHWJpuOmdMpGtW1uvFIx8W1RSNM8sCfJw,Armored Mawdad,28,1681714953397,370
268,ihN0mvfNIhy0puxvXTSrfFNxKjsBNvIeyk_rRcjuc2-eY7I,oUd5JaFwb2uBC9hSdXNacfEbpujYRRfYujTAcPUO1Y_yMLo,Pj-48QxwDcGa08C7TJwRe2xDUnuOyEr8edCkur5nD-0cK2D9FR1z2BYpWbNn1YZ_RmzYbw9Hq2L0ow,Trixter2,1151,1681675979546,705
269,9-q-uNCZi3nJaEAAn-_lpwh5MemvcgYQuHlmVNGGmO6qMaw,Ysyr13v7X47170W8zX1fXWDeukQbm6RpheDLpjds2NyJdUY,M-UOWGlYJEM2zFCXR7ekQEhz1uZBmlp7ven1RA_FgDEaYrDXdDX1y7TA64-IDrk_fh9khuDpyuYlhA,uni13,5454,1681736781159,983
270,n16dUY1ocGvgIAuRDJzHSzH7zIv2NFWDhC29mDtEP0ZmxQae,vV1CAvAp--hHuQFYgxWFy0URoY7MyoMbhZEv32VWX5_6Vsq1fq-ZkmGU,8DcrW0Lbjd5CC6Q4wX_QBeNTE0uckjeSUmGDDEyViaOJ3AU5a6cG-j4GJpCAlrQpCsoY-te6lzhfTA,Andoqs,5615,1681715073736,393
271,ubXVGhd1iZWLe22JTuBcW05N3_E3vTLbaYwdBTDqOpS64rU,NvtYGtoeerMgkksFkN7bVLjZ30KPEokW1Yi1sbiuFUZ5KEg,MY8cM5IVGgcTfjgPWq5yEnjlF7cr9ExHxF_xrkg6b1cVhuTaOULqqLyxVTRp1CJmDUsV0YfWZxHd8A,Tora,4532,1681717798968,844
272,joeO4vfTWc4vL_-bYM9F6MBwFg8UUlWwONw8724bWpggbbw,inIpOssF8pRxWPV-NqgY8NeilxxUuHe3gEsq_aZpQ_I39HM,EiqceI4zvnUQ0HQQ0nJPHp8eztWF1WpdeSLu6dFi81-sDQIm65-lBXguvgopcFla-wKBecsnq5Hw7g,Augustine,4025,1681688997426,446
273,cGg44s3mUQDS8g2g0-hpKH5QVObKwWQrYBdmJwqPVvJMLTQ,dBVgYPmYGgGXyAXsR5OPt3aLoWWQnLNETMGK8UDz0TVxPwg,aUnUreNrclrKMtGEMC8k1QOfLzigK2-nZJkgPXKjAckHJM3Zw6VjS3tVU7ZxtCSHs1ucAj90FkvdwQ,BLG F4N,5736,1681625893000,158
274,WpxrvXVwb-Tz4iFAY8atf7c4IssKVbLtM4IK8luI7d_mlhKSZpwMj_rJ1g,vkGEsTBgysLcZPIyD0qqPDeSSCImSk9xHJJUTSwF7XNm95ZnnTf--gB7,scjYI8z87vr5Z0FxLESx8iR7eCiiZ76YhEpnCdT17ISLeMw4I5yPIqAgV7ZCLQPNFRFW4xzLWy4uYA,twtv Gryffinn,29,1681702844991,64
275,R1Q40GVb5XX48ZLzZro_9qoUrw-xb6RrDsLvbuH1GAXNbxfoGfRrvkFn_A,ZvHdl2qtVw6FaJeqTG3M2YSvzN3ONDW6538uSLr9aSjSfitWOPfvIBIH,KvVlAFjQfelRsrfXnHCgA19ro5i1Y_c9hXoEMKaSqVKbXDbz58r-1nBiq5WWY9q06LztmNJ_ZkCf5g,wx NAtongtiandai,5212,1681394793000,163
276,Kbr3G02FiLz6GKqZdgIba-aUqLP9Exs6OGKX0PuHBII2RUY,0bw_8I3SBtCtwGV98CSbxjnI_8anp84nW_t5P9lOuJNA9w,t39kNMFr-mzMIj5PlQDLjyiZ1lRe59KODN_gIIdnJnZjQ2q11vWi2be7ZRPU6UoiOddkAGL-VMYNdg,lolyaoyao,4832,1681733069302,689
277,fk5DsZ1PJ2GA7cMwWVOvEVl8oBpD8DauvXbZwySmtpHI_BURFI4KM-ViOQ,4_22OsB2cNyfq8G3pET2o33-1gjvtdmHwhbztLbxCeOha_TAb7rkmrM_,q9t0i0UQ12zYcqcIV97_9Fos-E9L5AX793X9aSirc1S8meELw8Abtq991g6JPfLeApAWDzSGCFcYDQ,6K OnFleek,29,1681016919000,69
278,f6zIDamqa1bTL-R6qI3RNWT5T_s3pnxsAVrOstnp42DrQcg,QmXh04GYTaEC9xAj2k739ys95Z0A0Qh3cgTpkr-ffbCnWOI,tO5ETJg40TSduAaIFoTl50CfP6O7OmDurkD-7fG_UR-YluLRhAtiMI4L2MLD21xan6A08cH6O31UeQ,gyu123987,5742,1681704205436,548
279,IgiB_9x9T14IB65EZwjacO2ZQlpR-6ZR55YGSWS-1-zhCXE,hB_-FdkZQ-i9iLL9iTpFY_wVm9dT5ZxCxjkMxAJOEvdxPg,Jj5GC7g8Ke1iwy7LupEeoFuANsqrNaQ-4DIuWQvrGZkkHxqD_7x-vlpxNenAT8T09vDAkzDhky8biw,xRoyal,4661,1681715379172,475
280,mxzL5XGQPbFHmWaogbEBB9kky6uM75dc-F-OUxxSBpQcPXM,-ezifqfTcFJC_0tWK8slZ_geGgtinfGaSuHY3HK5ZDVbuw,NXadjKjRwSO40I5sDAo_W2pXYzSIhyB1pgFEc6rc67_1lALz3FKAeC4hTaNZx4a2nvcXN3bg74vb2w,RUSHFROG,586,1681433260000,473
281,6VQz0MCnQRjv7e3Ff26ALxwgyTTCCmli6RdsbPkbTy9a3Qf9HmzbF3-TZQ,i0w7Q-1-AkMAflNK3mHfDoA48RUmyntmAH3I-FhEM0muVZ6Lya-qHZ4A,Be24qk2j1gATHj6OwsHbaLP83TwRCpt51hR_FPUrkqTUgObDWUqhHwy7J7V64ySg8ogOtWStSDVfGQ,Dam Supporters,29,1681687919094,94
282,nNsNtG7yBlHyPAwZexcQcQKs4iBUOk7ff6dXQSWp_ul_kuTpmFYBKvoBIQ,nAGYy3tKU5XY-ew473vandTdllChSxy51VNaaZsZRQZliJIURmB0Uzv7,My1syX38sNo8EvLxLvRXmhQa-fSXiPNkJH7Oh-1a5gLV7sx8fvVP1FtxHR3Tf67EOHrIXKamsJd3eA,AnazKr,20,1681633292000,46
283,SE6bwWI9OPKjNaKHM6aakgqwZrZjMTaetMQVWoGqLVbt_MY,patSwWuuM25xfWCgLfKQo-2JK6XKUJ8CaWVZo19l0GkF9eA,ESPGHVNE1jdc451P1VdL1OHL7DOY9lLzwsjlLvGF-MsCt2Qs82t36lynXx9CAoLlgezmiboCjDzX7w,huhi,3591,1681717101000,460
284,1Bu8wtdOV-YPdfDU1gpazGuNa27ySXjCotktKtpkgo5QSRc,Qb3ZKdRylVkby61zjTXTBjlc2CPULZ59s7TWDckuoWFaA9E,E9zr5SIcQIdih6BGHZ4md9BrrbaeH9V91ueX6nuVrWsKutBtc121n5E65Us1lKIxroZSCdS8kojASw,Profession,5746,1680711332000,728
285,7f_6mMPy-KdNkaGCdHEXmzKds1gwaZsdqNSsBT1hlotyVQ8,KFXvmQhM2dd0N_ZRM080dfFWP-xlVyPoekTSV9pQpjXRbCk,rRAcVDnBbb3atsEcHQDrECWFYmjxtpy6QZyvsRjlIePJ3ojmq7h2qVoRcP-_PnvrhP8h3-1JQiiPKA,stargazer,4499,1681719710392,840
286,4BwozA-dl2Wcvc4pHHw1OHWxZv2_VH5WuN04dyoCSgvaXDt7,i2arxRlPGc8lgGW-KaCuV6OMkLsbKH8Maj2RRA2SAvakwQ6EVHsyhCMX,zld48kO5TY1X9YRZ5wLCjhfdgbafy4cobnQOS4M_4joH9UzWfJngwhPSc2STiouhQ0LMgIEIC9jQZA,Path To LCS,4882,1681593053000,211
287,OlzdhfBow0BjoV5g1iZlnK_YBNOQMLlTfxHaWufydw3ifLrY,UybEFTA1OrKS3mLJG5WfT5rDWB1Em3eemFEVgPtXnMrHxHXjonk0obmi,Fw83i_-dTHL2_b1_PrrdwAn4XVKXKgSvoYGWgIqwXjf1dgART-uCpQGmMpIiHtLyEIqMU4xblYT9Qg,Kryoow,4018,1681722397316,390
288,j_ypGCnpPDsQbJ4F5SvwfCFavejYr1vj751eO8PM1VnDu_Y,fQT4sO-BOTeAmZoJpDU7Eu61_RwsosEJFinE2EZuTh_hE-8,-GOBQ_EyM-ndmD5dTEyH8GM1x3IxvOiB41YPena2N_VRIy6R_y-8NqREXBYOf74x4kKdZxYvN-AnSg,Aiden Yasuo,1670,1681703745806,450
289,Rouhj4sx-sayU6mfxPZpjIdXbQPbou1wtozfD6fUW5gjj3U,4eE7zfKQslLhXS9iRYkTeVIBaqY4O2yTzQOX8B9P-p3P99E,7_Bc8CHKjd4iIpjMEWaoC9ikJNum8d37lwZFf52S5gcQtbiSuCvTxhkb3mL8b6QF_Q5lPx2DFnRRgQ,Yung Fappy,23,1681716177848,689
290,dax7OHG4f8hET8_XTBUM5XzFJYC8mGcbjFfAQz8rcXM1y-A,ml1JTiDaQwUGFeYrET3RgGycGeYku7UuBwwy7ZjOAN7Of-k,W85Mq7y5E0bU1JKyPtySVqrLGcJ49DBWx3N1qwVcP1MFDo0rY0RLPUimKswx-eALjjWr-UVQS9srxA,issariu,3879,1681133423000,77
291,WPcSaQzIDyHfaXXYX6qATM6xFLs19pmBahll2uU4Sp2zf057o0s0HUd31w,L6QKEvZEbwLKu_T82LUmQJ9_t-3R4WxFzxsz_LU4MRvHG1HJ-NZ1hJLC,BR5QwpsUFCZfrGJvFXnG3-LfHDH_Z9yCZAO8Sc7xemwOTTcgTgpmqKahCAdJZTcG7a2EorgR1ZAv7w,P1ng,29,1681695189826,238
292,lFvGF9anHs0bIALDztryH5QJKI2LyhSL3_7m-LrbKNuMNHxVMMysK8h6mQ,6fuS1AjNqzMPXFc6LiiRyoEcnykQ1AWi2rLHJu21EcuWx02sEIAvpcxi,1zBOwS67Hn5JLWR6QjqHdZ_kLU-gnhyt1BQ5ufzpaXHeBQ-hJL0EOkfhQc8COsdL27BLekZ02kEI9Q,IgnaVilu,5413,1680336555000,85
293,E1GwbAx5W1oaKbtwiOklt75UhznXSiTsdv5F6rfrFooIXpRTs-MlHTWxoA,a1a3fO5o62qIIHlR6bjG14L3Um1fd3vCpcaALbq1m6L0K0Ov9Jv9rvQR,zgvRaLUl9meR_T1f6MEPogPcNJgV09wQKhB9EtNMIYq-fDj0ijMyrUbWPku1m4b-QkkOozwmu2Vx9w,donkey gap,5735,1680399526000,58
294,Brft9_PfXMKeVyQT8PL-ESiJpFlDA2EkFwyRA6W-YsB6muY,cwSnL62t3IEPlrXeucLdnAdWgcCTQ4W2unpIMHJ12c3a8J4,tD4LC8Bvfhg3YmuCgoBLkITqSt7qpFxEjIb4DET9Yktx-5v16EiZnP6V_z7k-0WQi9Wy_dxBREtx6g,5tunt,3366,1681737823000,432
295,335MxPbABryrz8MhsHOzIAkw3cd3tQi0B-0Dk19Z9qREeVLS9wmFPe43Dw,OpUqUfGW7t8cs_bM2eismcW2pOnAz-jS_YjI1T5FiGGlqH1pJDlH88or,q8iMGREEAvYF22Qvlmg_26_7jch9cwrpEMoNrqWmFIqgcKcpOUbAMKuIO-4IqnrD6QP0QcwRmygxhw,fxrget my name,7,1681251548000,66
296,32c03jnSJxIi3gQcr_jWv_gNEkdMR05NZZjh4qwas8zg_M_CMmx-Sr9P6g,KK5swwf0jnciJ-76t9JOt3gcFxEzQ5CR6Cy0z1hPl7KKYYwwDFVv18Qs,FAnPEfOUXAIq79Am7zUTJOvc4UI1OCWwcf6VV2ZD37yVYj9wMJUEvJkXSosZGIBaSCfdG7iqwD0Etw,kikï,7,1681603474000,55
297,M_Rc3uXo98MyVBZNTl4qtxDCQWLMBu7tdFRta7Cpn6SW7qs,VFRbLR3IMwRCeglIOCvgbx1vk0byz-Hgyi-I51gN4h1lohU,gNs3RfqarA6RcNun_IVik9DV89LProHWse-UqwRDfZZBWTAbKYaCfZBA5nG3mBAE9Os_Vu8DMUOAXQ,LeGrosMax,4072,1681690367000,549
298,Lu6t0On2Z5l9PqHs2BTtilDkfeS4RhgM9GKX8wSzqp_Tf5-A8GVoEkZnsg,AMY1xzZNp9XrsJw7fkbFc7FRo7m57jW69ihIeXUl877cHnCTRCB8o6Xi,zTcrRMIhECQ27QH8YvcLR_z5cAn3MDNdxpjo5zDqjh0eA7xnXBEO1d0ltD-hA5o-fXbMuSv2V_ve1w,my kled mid acc,4903,1681539961000,49
299,sGiqby8nHJUY0JSMpaz2PyV9JM_9gGpPJk0JngoXVKUV18Y,aDKKfN3x4YNW7qY03LhP9q-VSiAy23Pf7fgXdxUxjTJA-g,0BG1QRuqVytcmxyqEV7AKIfNOYRRADfnq3sQiLKYifZL6-l1Yph_fnd0zViGazXQ8qrzj-OPU7gKzg,ZEUSTONYTOPNILES,3150,1681680381515,221
